Cod. Cliente,Razão Social,Data Registro,Estado,Cidade,STATUS,Segmento,FAIXA MRR,MRR,Tags,CLUSTER,DATA ÚLTIMA TAREFA,ÚLTIMA TAREFA,TIRAR,DATA - OBSERVAÇÃO,OBSERVAÇÕES,CLIENTE RESPONDEU,DATA - PRÓXIMA AÇÃO,PRÓXIMA AÇÃO,RATING 2023/06,RATING 2023/05,RATING 2023/04,RATING 2023/03,RATING 2023/02,RATING 2023/01,MÉDIA RATING,Comparação: RATING 2023/05 - RATING 2023/06,Comparação: RATING 2023/04 - RATING 2023/05,Comparação: RATING 2023/03 - RATING 2023/04,Comparação: RATING 2023/02 - RATING 2023/03,Comparação: RATING 2023/01 - RATING 2023/02
16967,Empresa 1,09/27/21,MG,Borda da Mata,Ativo,CONTABILIDADE,ATÉ 200,"99,00",ASIS BRONZE | SOMENTE ORÁCULO | TICKET - BAIXO,BRONZE,04/09/2020,1.004,Natu,,Natu,Não,,Oráculo,-1,-1,-1,-1,-1,-1,"-1,00","0,0000","0,0000","0,0000","0,0000","0,0000"
16463,Empresa 2,04/29/21,PR,Rolândia,Ativo,EMPRESA,ATÉ 200,"99,99",SOMENTE ORÁCULO | TICKET - BAIXO | SEG - INDÚSTRIA | ASIS PRATA,PRATA,04/09/2020,1.004,Natu,,Natu,Não,,Oráculo,-1,-1,-1,-1,-1,-1,"-1,00","0,0000","0,0000","0,0000","0,0000","0,0000"
26463,Empresa 3,12/28/22,SP,São Paulo,Ativo,EMPRESA,350-500,"480,00",DOR - RECUPERAÇÃO DE TRIBUTOS | TICKET - BAIXO | DOR - CONFORMIDADE,SEM CLUSTER,05/06/2023,0,WHATSAPP,06/05/23,Treinamento ocorreu dia 30/05/2023 - Sem dúvidas por hora 05/06/2023,Sim - Whatsapp,07/05/23,Whatsapp,5,40,5,10,20,40,"20,00","-0,8750","7,0000","-0,5000","-0,5000","-0,5000"
24465,Empresa 4,07/14/22,PR,Foz do Iguaçu,Ativo,CONTABILIDADE,350-500,"397,00",RENOV - EM NEGOCIAÇÃO | ASIS BRONZE | TICKET - BAIXO,BRONZE,31/08/2022,278,EM RENOVAÇÃO,,EM RENOVAÇÃO,Sem contato feito,,Contatar pós renovação,0,0,0,0,0,10,"1,67","0,0000","0,0000","0,0000","0,0000","-1,0000"
7225,Empresa 5,12/13/17,SC,Joinville,Ativo,EMPRESA,200-350,"237,47",TICKET - BAIXO | ASIS PRATA,PRATA,18/01/2023,138,CONTATO OUTRO CSM,,"Deu nota 6 no NPS, Shirley entrou em contato, pois ele solicitou treinamento",Verificar,06/06/23,Verificar no CX,0,0,0,40,20,40,"16,67","0,0000","0,0000","-1,0000","1,0000","-0,5000"
16335,Empresa 6,05/03/21,PI,Água Branca,Ativo,CONTABILIDADE,500-750,"500,00",TICKET - BAIXO | DETRATOR | ASIS PRATA,PRATA,02/02/2023,123,CONTATO OUTRO CSM,05/21/23,Shirley entrou em contato com ele,Não,05/25/23,Whatsapp,5,45,5,40,40,50,"30,83","-0,8889","8,0000","-0,8750","0,0000","-0,2000"
17155,Empresa 7,11/09/21,MG,Belo Horizonte,Ativo,EMPRESA,ATÉ 200,"149,99",ASIS BRONZE | SOMENTE ORÁCULO | TICKET - BAIXO,BRONZE,05/04/2022,426,Natu,,Natu,Não,,Oráculo,-1,-1,-1,-1,-1,-1,"-1,00","0,0000","0,0000","0,0000","0,0000","0,0000"
179,Empresa 8,12/10/19,MG,Lavras,Ativo,EMPRESA,ATÉ 200,"195,30",ASIS BRONZE | SOMENTE ORÁCULO | TICKET - BAIXO | RENOV - RENOVADO,BRONZE,05/04/2022,426,Natu,,Natu,Não,,Oráculo,-1,-1,-1,-1,-1,-1,"-1,00","0,0000","0,0000","0,0000","0,0000","0,0000"
10077,Empresa 9,07/11/22,RJ,Campos dos Goytacazes,Ativo,CONTABILIDADE,500-750,"582,00",ASIS BRONZE | TICKET - BAIXO | STATUS - RECONTRATOU,BRONZE,23/05/2023,13,E-MAIL,05/24/23,Enviado e-mail playbook,Não,06/06/23,Whatsapp,0,0,0,0,0,0,"0,00","0,0000","0,0000","0,0000","0,0000","0,0000"
15947,Empresa 10,02/28/23,SP,Barueri,Ativo,CONTABILIDADE,ACIMA 1000,"2.115,99",DOR - COMBO CADASTRO | TICKET - ALTO | DOR - CONFORMIDADE,OURO,23/05/2023,13,E-MAIL,05/24/23,Enviado e-mail playbook,Não,06/06/23,Whatsapp,0,0,0,90,-1,-1,"14,67","0,0000","0,0000","-1,0000","-91,0000","0,0000"
24405,Empresa 11,05/03/22,SP,Ribeirão Preto,Ativo,EMPRESA,350-500,"399,00",PARTNERS | ASIS BRONZE | ENGAJAMENTO BAIXO | TICKET - BAIXO,BRONZE,23/05/2023,13,E-MAIL,05/24/23,Enviado e-mail de apresentação manual,Não,06/06/23,Whatsapp,0,0,0,0,0,0,"0,00","0,0000","0,0000","0,0000","0,0000","0,0000"
11150,Empresa 12,08/03/22,SP,São Paulo,Ativo,CONTABILIDADE,350-500,"419,99",ASIS BRONZE | ENGAJAMENTO BAIXO | TICKET - BAIXO,BRONZE,23/05/2023,13,E-MAIL,05/24/23,Enviado e-mail de apresentação manual,Não,06/06/23,Whatsapp,0,0,0,0,0,0,"0,00","0,0000","0,0000","0,0000","0,0000","0,0000"
5447,Empresa 13,11/24/21,MT,Várzea Grande,Ativo,EMPRESA,350-500,"360,00",ASIS BRONZE,BRONZE,23/05/2023,13,E-MAIL,05/24/23,Enviado e-mail playbook,Não,06/06/23,Whatsapp,0,0,0,0,0,0,"0,00","0,0000","0,0000","0,0000","0,0000","0,0000"
5586,Empresa 14,06/20/22,SP,São Paulo,Ativo,EMPRESA,500-750,"529,00",ASIS BRONZE | TICKET - BAIXO,BRONZE,23/05/2023,13,E-MAIL,05/24/23,Enviado e-mail de apresentação manual,Não,05/28/23,Whatsapp,5,5,5,5,5,5,"5,00","0,0000","0,0000","0,0000","0,0000","0,0000"
9329,Empresa 15,10/26/21,SP,São Paulo,Ativo,CONTABILIDADE,350-500,"399,99",PROMOTOR | ASIS BRONZE | TICKET - BAIXO,BRONZE,23/05/2023,13,E-MAIL,05/24/23,Enviado e-mail playbook,Não,06/06/23,Whatsapp,0,0,0,0,0,0,"0,00","0,0000","0,0000","0,0000","0,0000","0,0000"
17223,Empresa 16,11/26/21,SP,São Paulo,Ativo,EMPRESA,350-500,"401,60",ASIS BRONZE | TICKET - BAIXO,BRONZE,23/05/2023,13,E-MAIL,05/24/23,Enviado e-mail playbook,Não,06/02/23,Whatsapp,5,5,5,5,5,5,"5,00","0,0000","0,0000","0,0000","0,0000","0,0000"
25937,Empresa 17,11/19/22,SP,São Paulo,Ativo,CONTABILIDADE,200-350,"349,90",PARTNERS | DOR - CAPTURA E AUDITORIA XML | DOR - COMBO CADASTRO | TICKET - BAIXO | DOR - CONFORMIDADE,BRONZE,28/05/2023,8,E-MAIL,05/29/23,Enviado e-mail playbook,Não,06/06/23,Whatsapp,0,0,0,20,0,10,"5,00","0,0000","0,0000","-1,0000",#DIV/0!,"-1,0000"
24285,Empresa 18,07/14/22,SP,Santos,Ativo,CONTABILIDADE,350-500,"444,00",TICKET - BAIXO | ASIS PRATA,PRATA,28/05/2023,8,E-MAIL,05/29/23,Enviado e-mail playbook,Não,06/02/23,Whatsapp,5,45,5,80,45,45,"37,50","-0,8889","8,0000","-0,9375","0,7778","0,0000"
26962,Empresa 19,02/23/23,MG,Sete Lagoas,Ativo,CONTABILIDADE,ACIMA 1000,"1.108,78",DOR - AUTOMAÇÃO | DOR - CAPTURA E AUDITORIA XML | DOR - COMBO CADASTRO | DOR - RECUPERAÇÃO DE TRIBUTOS | TICKET - MÉDIO | DOR - CONFORMIDADE,BRONZE,28/05/2023,8,E-MAIL,05/29/23,Enviado e-mail playbook,Não,06/02/23,Whatsapp,0,5,0,40,0,-1,"7,33","-1,0000",#DIV/0!,"-1,0000",#DIV/0!,"-1,0000"
16462,Empresa 20,04/28/21,SP,Osasco,Ativo,CONTABILIDADE,200-350,"349,90",ASIS BRONZE | DOR - COMBO CADASTRO | TICKET - BAIXO,BRONZE,29/05/2023,7,E-MAIL,05/29/23,Enviado e-mail de apresentação manual,Não,06/02/23,Whatsapp,10,40,10,5,5,10,"13,33","-0,7500","3,0000","1,0000","0,0000","-0,5000"
6592,Empresa 21,11/19/21,PE,Recife,Ativo,EMPRESA,350-500,"499,99",PROMOTOR | TICKET - BAIXO | DOR - CONFORMIDADE | ASIS PRATA,PRATA,30/05/2023,6,E-MAIL,05/31/23,Enviado e-mail de apresentação manual,Não,06/04/23,Depoimento,0,0,40,0,0,40,"13,33","0,0000","-1,0000",#DIV/0!,"0,0000","-1,0000"
26434,Empresa 22,12/22/22,SP,São Carlos,Ativo,EMPRESA,350-500,"399,00",DOR - RECUPERAÇÃO DE TRIBUTOS | TICKET - BAIXO | DOR - CONFORMIDADE,SEM CLUSTER,30/05/2023,6,E-MAIL,05/31/23,Enviado e-mail de apresentação manual,Não,06/04/23,Whatsapp,0,0,40,40,40,0,"20,00","0,0000","-1,0000","0,0000","0,0000",#DIV/0!
16721,Empresa 23,01/31/23,RJ,Campos dos Goytacazes,Ativo,CONTABILIDADE,500-750,"612,00",TICKET - MÉDIO | DOR - CONFORMIDADE,SEM CLUSTER,30/05/2023,6,E-MAIL,05/31/23,Enviado e-mail de apresentação manual,Não,06/04/23,Whatsapp,0,0,40,40,0,40,"20,00","0,0000","-1,0000","0,0000",#DIV/0!,"-1,0000"
24674,Empresa 24,07/15/22,SP,Itatiba,Ativo,CONTABILIDADE,200-350,"347,90",PARTNERS | ASIS BRONZE | ENGAJADO | TICKET - BAIXO,BRONZE,30/05/2023,6,E-MAIL,05/31/23,Enviado e-mail de apresentação manual,Não,06/04/23,Whatsapp,10,40,40,40,40,40,"35,00","-0,7500","0,0000","0,0000","0,0000","0,0000"
16481,Empresa 25,06/09/21,MG,Formiga,Ativo,CONTABILIDADE,350-500,"399,00",PROMOTOR | DOR - COMBO CADASTRO | TICKET - BAIXO | ASIS PRATA,PRATA,30/05/2023,6,E-MAIL,05/31/23,Enviado e-mail de apresentação manual,Não,06/04/23,Whatsapp,10,10,40,20,40,40,"26,67","0,0000","-0,7500","1,0000","-0,5000","0,0000"
16131,Empresa 26,12/18/20,TO,Palmas,Ativo,EMPRESA,350-500,"399,94",TICKET - BAIXO | STATUS - BLOQUEADO | ASIS PRATA,PRATA,30/05/2023,6,E-MAIL,05/31/23,Enviado e-mail de apresentação manual,Não,06/04/23,Whatsapp,-1,-1,-1,-1,-1,-1,"-1,00","0,0000","0,0000","0,0000","0,0000","0,0000"
17137,Empresa 27,11/19/21,SP,São Paulo,Ativo,CONTABILIDADE,350-500,"410,00",TICKET - BAIXO | ASIS PRATA,PRATA,30/05/2023,6,E-MAIL,05/31/23,Enviado e-mail de apresentação manual,Não,06/04/23,Whatsapp,5,40,40,40,40,45,"35,00","-0,8750","0,0000","0,0000","0,0000","-0,1111"
24259,Empresa 28,09/27/22,SP,Barueri,Ativo,CONTABILIDADE,350-500,"436,90",PARTNERS | 51hs | DOR - COMBO CADASTRO | SEG - CONTABILIDADE | TICKET - BAIXO | DOR - CONFORMIDADE,SEM CLUSTER,30/05/2023,6,E-MAIL,05/31/23,Enviado e-mail de apresentação manual,Não,06/04/23,Whatsapp,5,40,20,50,5,5,"20,83","-0,8750","1,0000","-0,6000","9,0000","0,0000"
5353,Empresa 29,07/27/21,PE,Vitória de Santo Antão,Ativo,CONTABILIDADE,350-500,"439,89",ENGAJADO | TICKET - BAIXO | ASIS PRATA,PRATA,30/05/2023,6,E-MAIL,05/31/23,Enviado e-mail de apresentação manual,Não,06/04/23,Whatsapp,45,45,45,85,45,50,"52,50","0,0000","0,0000","-0,4706","0,8889","-0,1000"
26959,Empresa 30,02/23/23,SP,São Paulo,Ativo,CONTABILIDADE,350-500,"447,00",DOR - COMBO CADASTRO | TICKET - BAIXO,SEM CLUSTER,30/05/2023,6,E-MAIL,05/31/23,Enviado e-mail de apresentação manual,Não,06/04/23,Whatsapp,0,80,40,45,0,-1,"27,33","-1,0000","1,0000","-0,1111",#DIV/0!,"-1,0000"
5888,Empresa 31,11/18/21,RJ,Petrópolis,Ativo,EMPRESA,ATÉ 200,"199,00",ENGAJADO | TICKET - BAIXO | ASIS PRATA,PRATA,20/07/2022,320,SUSPENSO,,"Ele tem um histórico de inadimplência, ele só paga depois que entra no serasa, ",Inadimplente,,Não fazer nada,0,40,40,40,40,40,"33,33","-1,0000","0,0000","0,0000","0,0000","0,0000"
26501,Empresa 32,01/05/23,MG,Contagem,Ativo,CONTABILIDADE,350-500,"456,37",TICKET - BAIXO | DOR - CONFORMIDADE,SEM CLUSTER,30/05/2023,6,E-MAIL,05/31/23,Enviado e-mail de apresentação manual,Não,06/04/23,Whatsapp,0,80,80,40,40,20,"43,33","-1,0000","0,0000","1,0000","0,0000","1,0000"
16716,Empresa 33,12/03/21,RS,São Martinho,Ativo,CONTABILIDADE,350-500,"499,90",PROMOTOR | TICKET - BAIXO | ASIS PRATA,PRATA,30/05/2023,6,E-MAIL,05/31/23,Enviado e-mail de apresentação manual,Não,06/04/23,Whatsapp,40,80,80,80,80,80,"73,33","-0,5000","0,0000","0,0000","0,0000","0,0000"
16030,Empresa 34,10/22/20,SP,Bragança Paulista,Ativo,CONTABILIDADE,200-350,"349,99",TICKET - BAIXO | DETRATOR | ASIS PRATA,PRATA,30/05/2023,6,E-MAIL,05/31/23,Enviado e-mail de apresentação manual,Visualizou - Whatsapp,06/04/23,Whatsapp,5,40,40,45,40,40,"35,00","-0,8750","0,0000","-0,1111","0,1250","0,0000"
24062,Empresa 35,03/02/22,SP,São Pedro,Ativo,CONTABILIDADE,500-750,"575,00",TICKET - BAIXO | ASIS PRATA,PRATA,31/05/2023,5,E-MAIL,05/31/23,E-mail enviado playbook,Não,06/04/23,Telefônico,10,40,40,90,5,5,"31,67","-0,7500","0,0000","-0,5556","17,0000","0,0000"
7096,Empresa 36,09/23/21,SP,São Paulo,Ativo,EMPRESA,ATÉ 200,"192,00",ASIS BRONZE | SOMENTE ORÁCULO | TICKET - BAIXO,BRONZE,04/08/2022,305,Natu,,Natu,Não,,Oráculo,-1,-1,-1,-1,-1,-1,"-1,00","0,0000","0,0000","0,0000","0,0000","0,0000"
26179,Empresa 37,11/25/22,PR,Curitiba,Ativo,CONTABILIDADE,350-500,"436,98",ENGAJAMENTO BAIXO | DOR - COMBO CADASTRO | DOR - RECUPERAÇÃO DE TRIBUTOS | TICKET - BAIXO | DOR - CONFORMIDADE,BRONZE,01/06/2023,4,E-MAIL,06/01/23,E-mail enviado playbook,Não,06/08/23,E-mail,0,0,40,0,0,0,"6,67","0,0000","-1,0000",#DIV/0!,"0,0000","0,0000"
16959,Empresa 38,09/27/21,RJ,Niterói,Ativo,CONTABILIDADE,200-350,"349,00",DOR - RECUPERAÇÃO DE TRIBUTOS | TICKET - BAIXO | ASIS PRATA,PRATA,01/06/2023,4,E-MAIL,06/01/23,E-mail enviado playbook,Não,06/08/23,E-mail,10,50,50,50,50,50,"43,33","-0,8000","0,0000","0,0000","0,0000","0,0000"
15840,Empresa 39,07/29/22,SP,Araçatuba,Ativo,EMPRESA,200-350,"349,99",PARTNERS | TICKET - BAIXO | ASIS PRATA,PRATA,01/06/2023,4,E-MAIL,06/01/23,E-mail enviado playbook,Não,06/08/23,E-mail,40,40,40,40,40,40,"40,00","0,0000","0,0000","0,0000","0,0000","0,0000"
17419,Empresa 40,01/04/22,PR,Londrina,Ativo,CONTABILIDADE,350-500,"367,80",PARTNERS | TICKET - BAIXO | ASIS PRATA,PRATA,01/06/2023,4,E-MAIL,06/01/23,E-mail enviado playbook,Não,06/08/23,E-mail,10,40,40,40,45,40,"35,83","-0,7500","0,0000","0,0000","-0,1111","0,1250"
6281,Empresa 41,08/17/22,MG,Extrema,Ativo,EMPRESA,350-500,"436,38",ENGAJADO | SOMENTE ORÁCULO | TICKET - BAIXO | ASIS PRATA,PRATA,16/12/2022,171,Natu,,Natu,Não,,Oráculo,-1,-1,-1,-1,-1,-1,"-1,00","0,0000","0,0000","0,0000","0,0000","0,0000"
15982,Empresa 42,01/03/22,SC,Santo Amaro da Imperatriz,Ativo,CONTABILIDADE,350-500,"396,00",PROMOTOR | TICKET - BAIXO | ASIS PRATA,PRATA,01/06/2023,4,E-MAIL,06/01/23,E-mail enviado playbook,Não,06/08/23,E-mail,50,40,40,40,45,40,"42,50","0,2500","0,0000","0,0000","-0,1111","0,1250"
26377,Empresa 43,11/25/22,MG,Brasília de Minas,Ativo,CONTABILIDADE,350-500,"399,00",DOR - COMBO CADASTRO | DOR - RECUPERAÇÃO DE TRIBUTOS | TICKET - BAIXO,BRONZE,01/06/2023,4,E-MAIL,06/01/23,E-mail enviado playbook,Não,06/08/23,E-mail,5,50,50,50,40,40,"39,17","-0,9000","0,0000","0,0000","0,2500","0,0000"
26166,Empresa 44,10/31/22,SP,São Paulo,Ativo,CONTABILIDADE,350-500,"399,00",DOR - CAPTURA E AUDITORIA XML | TICKET - BAIXO | DOR - CONFORMIDADE,BRONZE,01/06/2023,4,E-MAIL,06/01/23,E-mail enviado playbook,Não,06/08/23,E-mail,50,50,50,50,50,40,"48,33","0,0000","0,0000","0,0000","0,0000","0,2500"
16008,Empresa 45,09/30/22,SP,São Paulo,Ativo,CONTABILIDADE,350-500,"399,00",PROMOTOR | SEG - CONTABILIDADE | TICKET - BAIXO | ASIS PRATA,PRATA,01/06/2023,4,E-MAIL,06/01/23,E-mail enviado playbook,Não,06/08/23,E-mail,30,80,80,80,45,45,"60,00","-0,6250","0,0000","0,0000","0,7778","0,0000"
17564,Empresa 46,03/23/22,AM,Manaus,Ativo,CONTABILIDADE,350-500,"400,00",TICKET - BAIXO | ASIS PRATA,PRATA,01/06/2023,4,E-MAIL,06/01/23,E-mail enviado playbook,Não,06/08/23,E-mail,0,40,40,40,40,40,"33,33","-1,0000","0,0000","0,0000","0,0000","0,0000"
17209,Empresa 47,12/01/21,MG,Uberlândia,Ativo,CONTABILIDADE,350-500,"401,60",PARTNERS | TICKET - BAIXO | ASIS PRATA,PRATA,01/06/2023,4,E-MAIL,06/01/23,E-mail enviado playbook,Não,06/08/23,E-mail,20,40,20,25,20,20,"24,17","-0,5000","1,0000","-0,2000","0,2500","0,0000"
26600,Empresa 48,01/20/23,RJ,Teresópolis,Ativo,CONTABILIDADE,350-500,"408,34",DOR - COMBO CADASTRO | TICKET - BAIXO | DOR - CONFORMIDADE,SEM CLUSTER,01/06/2023,4,E-MAIL,06/01/23,E-mail enviado playbook,Não,06/08/23,E-mail,50,50,65,40,40,0,"40,83","0,0000","-0,2308","0,6250","0,0000",#DIV/0!
16461,Empresa 49,07/12/21,BA,Palmeiras,Ativo,CONTABILIDADE,350-500,"413,00",TICKET - BAIXO | ASIS PRATA,PRATA,01/06/2023,4,E-MAIL,06/01/23,E-mail enviado playbook,Não,06/08/23,E-mail,50,50,50,45,50,45,"48,33","0,0000","0,0000","0,1111","-0,1000","0,1111"
25946,Empresa 50,10/06/22,AL,Maceió,Ativo,CONTABILIDADE,350-500,"427,00",DOR - CAPTURA E AUDITORIA XML | DOR - COMBO CADASTRO | TICKET - BAIXO,BRONZE,01/06/2023,4,E-MAIL,06/01/23,E-mail enviado playbook,Não,06/08/23,E-mail,0,50,50,45,45,45,"39,17","-1,0000","0,0000","0,1111","0,0000","0,0000"
24263,Empresa 51,04/20/22,SP,Araçatuba,Ativo,CONTABILIDADE,350-500,"429,00",PARTNERS | ASIS BRONZE | DOR - RECUPERAÇÃO DE TRIBUTOS | TICKET - BAIXO | STATUS - BLOQUEADO,BRONZE,01/06/2023,4,E-MAIL,06/01/23,E-mail enviado playbook,Não,06/08/23,E-mail,-1,-1,-1,-1,-1,-1,"-1,00","0,0000","0,0000","0,0000","0,0000","0,0000"
16880,Empresa 52,09/12/22,SP,Ribeirão Preto,Ativo,CONTABILIDADE,350-500,"429,01",PROMOTOR | TICKET - BAIXO | RENOV - RENOVADO | ASIS PRATA,PRATA,01/06/2023,4,E-MAIL,06/01/23,E-mail enviado playbook,Não,06/08/23,E-mail,45,45,45,50,45,50,"46,67","0,0000","0,0000","-0,1000","0,1111","-0,1000"
16761,Empresa 53,08/06/21,RJ,Rio de Janeiro,Ativo,CONTABILIDADE,350-500,"430,00",ASIS BRONZE | TICKET - BAIXO | STATUS - BLOQUEADO,BRONZE,01/06/2023,4,E-MAIL,06/01/23,E-mail enviado playbook,Não,06/08/23,E-mail,-1,-1,-1,-1,-1,-1,"-1,00","0,0000","0,0000","0,0000","0,0000","0,0000"
26060,Empresa 54,10/25/22,SP,São Paulo,Ativo,CONTABILIDADE,350-500,"436,98",DOR - COMBO CADASTRO | DOR - RECUPERAÇÃO DE TRIBUTOS | TICKET - BAIXO | DOR - CONFORMIDADE,BRONZE,01/06/2023,4,E-MAIL,06/01/23,E-mail enviado playbook,Não,06/08/23,E-mail,0,40,40,0,0,0,"13,33","-1,0000","0,0000",#DIV/0!,"0,0000","0,0000"
25983,Empresa 55,10/10/22,MA,São Luís,Ativo,CONTABILIDADE,350-500,"436,98",51hs | DOR - RECUPERAÇÃO DE TRIBUTOS | TICKET - BAIXO | DOR - CONFORMIDADE,BRONZE,01/06/2023,4,E-MAIL,06/01/23,E-mail enviado playbook,Não,06/08/23,E-mail,0,60,40,40,40,40,"36,67","-1,0000","0,5000","0,0000","0,0000","0,0000"
15927,Empresa 56,05/12/22,MG,Conselheiro Lafaiete,Ativo,CONTABILIDADE,350-500,"441,01",TICKET - BAIXO | ASIS PRATA,BRONZE,01/06/2023,4,E-MAIL,06/01/23,E-mail enviado playbook,Não,06/08/23,E-mail,10,50,45,45,45,40,"39,17","-0,8000","0,1111","0,0000","0,0000","0,1250"
17432,Empresa 57,12/15/21,SE,Tobias Barreto,Ativo,CONTABILIDADE,350-500,"450,00",TICKET - BAIXO | ASIS PRATA,PRATA,01/06/2023,4,E-MAIL,06/01/23,E-mail enviado playbook,Não,06/08/23,E-mail,45,50,80,45,60,90,"61,67","-0,1000","-0,3750","0,7778","-0,2500","-0,3333"
7834,Empresa 58,01/25/22,RS,Guaíba,Ativo,CONTABILIDADE,ATÉ 200,"157,50",PROMOTOR | ENGAJADO | TICKET - BAIXO | ASIS PRATA,PRATA,05/12/2022,182,SUSPENSO,,Cliente suspenso - Inadimplente Março de 2022,Inadimplente,,Não fazer nada,0,40,40,40,40,40,"33,33","-1,0000","0,0000","0,0000","0,0000","0,0000"
10005,Empresa 59,11/28/19,MG,Curvelo,Ativo,EMPRESA,350-500,"420,00",SOMENTE ORÁCULO | TICKET - BAIXO | RENOV - RENOVADO | ASIS PRATA,PRATA,27/01/2023,129,Natu,,Natu,Não,,Oráculo,-1,-1,-1,-1,-1,-1,"-1,00","0,0000","0,0000","0,0000","0,0000","0,0000"
24541,Empresa 60,06/10/22,SC,Correia Pinto,Ativo,CONTABILIDADE,350-500,"457,00",ASIS BRONZE | TICKET - BAIXO,BRONZE,01/06/2023,4,E-MAIL,06/01/23,E-mail enviado playbook,Não,06/08/23,E-mail,45,45,45,45,45,45,"45,00","0,0000","0,0000","0,0000","0,0000","0,0000"
12533,Empresa 61,07/31/20,MG,Varginha,Ativo,EMPRESA,350-500,"482,00",TICKET - BAIXO | ASIS PRATA,PRATA,01/06/2023,4,E-MAIL,06/01/23,E-mail enviado playbook,Não,06/08/23,E-mail,25,45,45,40,40,40,"39,17","-0,4444","0,0000","0,1250","0,0000","0,0000"
24603,Empresa 62,07/14/22,SP,São Paulo,Ativo,CONTABILIDADE,350-500,"397,00",ASIS BRONZE | DOR - CAPTURA E AUDITORIA XML | TICKET - BAIXO | DOR - CONFORMIDADE,BRONZE,08/02/2023,117,EM RENOVAÇÃO,05/24/23,EM RENOVAÇÃO,Sem contato feito,,Contatar pós renovação,0,40,0,0,20,40,"16,67","-1,0000",#DIV/0!,"0,0000","-1,0000","-0,5000"
16433,Empresa 63,06/15/22,PR,Rolândia,Ativo,CONTABILIDADE,350-500,"482,41",PARTNERS | PROMOTOR | TICKET - BAIXO | ASIS PRATA,PRATA,01/06/2023,4,E-MAIL,06/01/23,Enviado e-mail playbook,Não,06/08/23,E-mail,40,60,60,60,80,40,"56,67","-0,3333","0,0000","0,0000","-0,2500","1,0000"
11281,Empresa 64,06/24/22,SP,Ribeirão Preto,Ativo,CONTABILIDADE,500-750,"500,00",PARTNERS | ENGAJAMENTO BAIXO | TICKET - BAIXO | ASIS PRATA,PRATA,01/06/2023,4,E-MAIL,06/01/23,Enviado e-mail playbook,Não,06/08/23,E-mail,40,40,80,60,40,60,"53,33","0,0000","-0,5000","0,3333","0,5000","-0,3333"
17414,Empresa 65,12/08/21,AC,Rio Branco,Ativo,CONTABILIDADE,500-750,"506,00",PARTNERS | DOR - COMBO CADASTRO | TICKET - BAIXO | DOR - CONFORMIDADE | ASIS PRATA,PRATA,01/06/2023,4,E-MAIL,06/01/23,E-mail enviado playbook,Não,06/08/23,E-mail,10,50,45,50,50,50,"42,50","-0,8000","0,1111","-0,1000","0,0000","0,0000"
15614,Empresa 66,03/23/22,SP,São Bernardo do Campo,Ativo,EMPRESA,500-750,"525,00",PARTNERS | PROMOTOR | TICKET - BAIXO | ASIS PRATA,PRATA,01/06/2023,4,E-MAIL,06/01/23,Enviado e-mail playbook,Não,06/08/23,E-mail,50,80,80,80,60,80,"71,67","-0,3750","0,0000","0,0000","0,3333","-0,2500"
17412,Empresa 67,12/13/21,MG,Estiva,Ativo,CONTABILIDADE,500-750,"530,00",TICKET - BAIXO | ASIS PRATA,PRATA,01/06/2023,4,E-MAIL,06/01/23,E-mail enviado playbook,Não,06/08/23,E-mail,50,70,60,70,60,65,"62,50","-0,2857","0,1667","-0,1429","0,1667","-0,0769"
26404,Empresa 68,12/06/22,BA,Feira de Santana,Ativo,CONTABILIDADE,500-750,"536,90",PARTNERS | DOR - CAPTURA E AUDITORIA XML | DOR - COMBO CADASTRO | DOR - RECUPERAÇÃO DE TRIBUTOS | TICKET - BAIXO | DOR - CONFORMIDADE,BRONZE,01/06/2023,4,E-MAIL,06/01/23,Sem Observações,Não,06/08/23,E-mail,40,40,40,40,40,40,"40,00","0,0000","0,0000","0,0000","0,0000","0,0000"
24175,Empresa 69,03/31/22,BA,Feira de Santana,Ativo,CONTABILIDADE,500-750,"543,00",PARTNERS | TICKET - BAIXO | ASIS PRATA,PRATA,01/06/2023,4,E-MAIL,06/01/23,E-mail enviado playbook,Não,06/08/23,E-mail,5,45,45,45,50,40,"38,33","-0,8889","0,0000","0,0000","-0,1000","0,2500"
8319,Empresa 70,05/31/22,SP,Marília,Ativo,EMPRESA,350-500,"466,99",TICKET - BAIXO | DOR - CONFORMIDADE | ASIS PRATA,PRATA,01/06/2023,4,E-MAIL,06/01/23,"Tá tudo certo, não tem dúvidas, foi enviado um e-mail com meus contatos",Não,06/08/23,Telefônico,5,40,40,20,20,40,"27,50","-0,8750","0,0000","1,0000","0,0000","-0,5000"
15447,Empresa 71,12/10/20,BA,Feira de Santana,Ativo,CONTABILIDADE,350-500,"490,59",TICKET - BAIXO | ASIS PRATA,PRATA,01/06/2023,4,E-MAIL,06/01/23,e-mail de acompanhamento em relação aos tickets,Sim - Whatsapp,06/08/23,E-mail,40,40,40,40,40,40,"40,00","0,0000","0,0000","0,0000","0,0000","0,0000"
16389,Empresa 72,02/07/22,MG,Uberaba,Ativo,CONTABILIDADE,200-350,"305,00",ASIS BRONZE | DOR - COMBO CADASTRO | TICKET - BAIXO,BRONZE,05/06/2023,0,E-MAIL,06/05/23,Enviado e-mail playbook,Sem contato feito,06/12/23,Aguardar (MRR > 350),0,0,0,0,0,0,"0,00","0,0000","0,0000","0,0000","0,0000","0,0000"
7727,Empresa 73,11/24/21,RS,Gravataí,Ativo,CONTABILIDADE,200-350,"208,95",ASIS BRONZE | TICKET - BAIXO | RENOV - RENOVADO,BRONZE,05/06/2023,0,E-MAIL,06/05/23,Enviado e-mail playbook,Sem contato feito,06/12/23,Aguardar (MRR > 350),0,0,20,0,0,0,"3,33","0,0000","-1,0000",#DIV/0!,"0,0000","0,0000"
16731,Empresa 74,07/28/21,SP,Pindorama,Ativo,EMPRESA,200-350,"349,90",PARTNERS | PROMOTOR | ASIS BRONZE | TICKET - BAIXO,BRONZE,05/06/2023,0,E-MAIL,06/05/23,Enviado mensagem no whatsapp,Não,06/09/23,Whatsapp,10,10,10,5,5,5,"7,50","0,0000","0,0000","1,0000","0,0000","0,0000"
16696,Empresa 75,09/30/21,SP,Ribeirão Pires,Ativo,EMPRESA,200-350,"319,90",ASIS BRONZE | DOR - COMBO CADASTRO | TICKET - BAIXO,BRONZE,05/06/2023,0,E-MAIL,06/05/23,Enviado e-mail playbook,Sem contato feito,06/12/23,Aguardar (MRR > 350),5,5,5,5,5,5,"5,00","0,0000","0,0000","0,0000","0,0000","0,0000"
16450,Empresa 76,04/16/21,GO,Palmeiras de Goiás,Ativo,CONTABILIDADE,200-350,"299,80",TICKET - BAIXO | ASIS PRATA,PRATA,05/06/2023,0,E-MAIL,06/05/23,Enviado e-mail playbook,Sem contato feito,06/12/23,Aguardar (MRR > 350),45,45,45,45,45,50,"45,83","0,0000","0,0000","0,0000","0,0000","-0,1000"
5527,Empresa 77,03/29/21,GO,Itapuranga,Ativo,CONTABILIDADE,200-350,"313,53",TICKET - BAIXO | ASIS PRATA,PRATA,05/06/2023,0,E-MAIL,06/05/23,Enviado e-mail playbook,Sem contato feito,06/12/23,Aguardar (MRR > 350),5,45,45,5,40,45,"30,83","-0,8889","0,0000","8,0000","-0,8750","-0,1111"
16944,Empresa 78,02/10/22,RS,São Leopoldo,Ativo,CONTABILIDADE,200-350,"299,80",TICKET - BAIXO | ASIS PRATA,PRATA,05/06/2023,0,E-MAIL,06/05/23,Enviado e-mail playbook,Sem contato feito,06/12/23,Aguardar (MRR > 350),-1,40,40,40,40,40,"33,17","-1,0250","0,0000","0,0000","0,0000","0,0000"
16437,Empresa 79,05/30/22,BA,Maracás,Ativo,CONTABILIDADE,200-350,"274,50",ASIS BRONZE | DOR - COMBO CADASTRO | TICKET - BAIXO,BRONZE,05/06/2023,0,E-MAIL,06/05/23,Enviado e-mail playbook,Sem contato feito,06/12/23,Aguardar (MRR > 350),10,10,10,5,5,5,"7,50","0,0000","0,0000","1,0000","0,0000","0,0000"
12789,Empresa 80,10/19/20,MG,Belo Horizonte,Ativo,CONTABILIDADE,200-350,"329,81",PROMOTOR | TICKET - BAIXO | ASIS PRATA,PRATA,05/06/2023,0,E-MAIL,06/05/23,Enviado e-mail playbook,Sem contato feito,06/12/23,Aguardar (MRR > 350),45,45,45,45,45,45,"45,00","0,0000","0,0000","0,0000","0,0000","0,0000"
16649,Empresa 81,05/12/22,SP,Indaiatuba,Ativo,EMPRESA,200-350,"305,00",ASIS BRONZE | DOR - COMBO CADASTRO | TICKET - BAIXO,BRONZE,05/06/2023,0,E-MAIL,06/05/23,Enviado e-mail playbook,Sem contato feito,06/12/23,Aguardar (MRR > 350),5,5,5,5,5,45,"11,67","0,0000","0,0000","0,0000","0,0000","-0,8889"
16938,Empresa 82,09/21/21,MA,São Luís,Ativo,CONTABILIDADE,200-350,"230,00",ENGAJADO | TICKET - BAIXO | ASIS PRATA,PRATA,14/02/2023,111,EM RENOVAÇÃO,,DATA RENOVAÇÃO: 05/06/2023,Renovação,07/03/23,Aguardar (MRR > 350),10,50,45,45,45,45,"40,00","-0,8000","0,1111","0,0000","0,0000","0,0000"
8182,Empresa 83,07/14/22,MG,Uberaba,Ativo,EMPRESA,200-350,"250,00",ASIS BRONZE | DOR - COMBO CADASTRO | TICKET - BAIXO,BRONZE,05/06/2023,0,E-MAIL,06/05/23,Enviado e-mail playbook,Sem contato feito,06/12/23,Aguardar (MRR > 350),10,10,10,5,5,5,"7,50","0,0000","0,0000","1,0000","0,0000","0,0000"
17138,Empresa 84,11/10/21,SP,São Paulo,Ativo,CONTABILIDADE,500-750,"500,00",PARTNERS | TICKET - BAIXO | ASIS PRATA,PRATA,15/01/2023,141,ENTRAR EM CONTATO,,PRÓXIMO A CONTATAR,Sem contato feito,,E-mail,10,10,45,45,50,0,"26,67","0,0000","-0,7778","0,0000","-0,1000",#DIV/0!
15996,Empresa 85,08/30/22,MS,Campo Grande,Ativo,CONTABILIDADE,350-500,"399,00",ASIS BRONZE | TICKET - BAIXO,BRONZE,30/01/2023,126,ENTRAR EM CONTATO,,PRÓXIMO A CONTATAR,Sem contato feito,,E-mail,45,45,45,45,45,45,"45,00","0,0000","0,0000","0,0000","0,0000","0,0000"
24755,Empresa 86,07/29/22,SP,"São Paulo, Barueri",Ativo,CONTABILIDADE,350-500,"399,01",ASIS BRONZE | 51hs | TICKET - BAIXO,BRONZE,08/02/2023,117,ENTRAR EM CONTATO,,PRÓXIMO A CONTATAR,Sem contato feito,,E-mail,0,5,40,5,40,10,"16,67","-1,0000","-0,8750","7,0000","-0,8750","3,0000"
26223,Empresa 87,11/07/22,TO,Araguaína,Ativo,CONTABILIDADE,350-500,"399,00",DOR - CAPTURA E AUDITORIA XML | DOR - COMBO CADASTRO | TICKET - BAIXO,SEM CLUSTER,17/02/2023,108,EM RENOVAÇÃO,,DATA RENOVAÇÃO: 07/06/2023,Renovação,07/03/23,E-mail,50,50,60,85,80,90,"69,17","0,0000","-0,1667","-0,2941","0,0625","-0,1111"
24292,Empresa 88,04/08/22,SC,Florianópolis,Ativo,CONTABILIDADE,350-500,"429,00",PARTNERS | ASIS BRONZE | DOR - COMBO CADASTRO | DOR - RECUPERAÇÃO DE TRIBUTOS | TICKET - BAIXO,BRONZE,08/02/2023,117,ENTRAR EM CONTATO,,PRÓXIMO A CONTATAR,Sem contato feito,,E-mail,40,40,40,40,40,40,"40,00","0,0000","0,0000","0,0000","0,0000","0,0000"
8472,Empresa 89,10/04/21,SP,São Paulo,Ativo,CONTABILIDADE,500-750,"579,90",TICKET - BAIXO | ASIS PRATA,PRATA,05/03/2023,92,ENTRAR EM CONTATO,,PRÓXIMO A CONTATAR,Sem contato feito,,E-mail,10,40,45,80,80,80,"55,83","-0,7500","-0,1111","-0,4375","0,0000","0,0000"
24663,Empresa 90,07/18/22,SC,Caçador,Ativo,EMPRESA,200-350,"247,00",ASIS BRONZE | ENGAJADO | DOR - COMBO CADASTRO | TICKET - BAIXO,BRONZE,27/02/2023,98,EM RENOVAÇÃO,,DATA RENOVAÇÃO: 18/06/2023,Renovação,07/03/23,Aguardar (MRR > 350),0,10,5,5,10,5,"5,83","-1,0000","1,0000","0,0000","-0,5000","1,0000"
26382,Empresa 91,11/28/22,SP,Penápolis,Ativo,CONTABILIDADE,200-350,"349,90",PARTNERS | DOR - CAPTURA E AUDITORIA XML | DOR - COMBO CADASTRO | TICKET - BAIXO | DOR - CONFORMIDADE,SEM CLUSTER,27/02/2023,98,EM RENOVAÇÃO,,DATA RENOVAÇÃO: 18/06/2023,Renovação,07/03/23,E-mail,10,10,40,40,5,20,"20,83","0,0000","-0,7500","0,0000","7,0000","-0,7500"
26325,Empresa 92,11/11/22,BA,Jaguaquara,Ativo,CONTABILIDADE,350-500,"359,90",PARTNERS | DOR - COMBO CADASTRO | TICKET - BAIXO | DOR - CONFORMIDADE,SEM CLUSTER,27/02/2023,98,EM RENOVAÇÃO,,DATA RENOVAÇÃO: 04/06/2023,Renovação,07/03/23,E-mail,40,40,40,50,40,40,"41,67","0,0000","0,0000","-0,2000","0,2500","0,0000"
8767,Empresa 93,12/02/22,MG,Sete Lagoas,Ativo,CONTABILIDADE,350-500,"436,98",TICKET - BAIXO | DOR - CONFORMIDADE,SEM CLUSTER,27/02/2023,98,EM RENOVAÇÃO,,DATA RENOVAÇÃO: 18/06/2023,Renovação,07/03/23,E-mail,0,0,60,0,20,40,"20,00","0,0000","-1,0000",#DIV/0!,"-1,0000","-0,5000"
24392,Empresa 94,05/02/22,RJ,Nova Friburgo,Ativo,CONTABILIDADE,350-500,"362,00",ASIS BRONZE | DOR - RECUPERAÇÃO DE TRIBUTOS | TICKET - BAIXO,BRONZE,27/03/2023,70,ENTRAR EM CONTATO,,PRÓXIMO A CONTATAR,Sem contato feito,,E-mail,0,40,40,0,0,0,"13,33","-1,0000","0,0000",#DIV/0!,"0,0000","0,0000"
5570,Empresa 95,07/21/22,MG,Belo Horizonte,Ativo,CONTABILIDADE,200-350,"247,69",ENGAJADO | TICKET - BAIXO | ASIS PRATA,PRATA,28/02/2023,97,EM RENOVAÇÃO,,DATA RENOVAÇÃO: 18/06/2023,Renovação,07/03/23,Aguardar (MRR > 350),0,40,40,40,40,60,"36,67","-1,0000","0,0000","0,0000","0,0000","-0,3333"
7644,Empresa 96,12/10/21,MG,Belo Horizonte,Ativo,CONTABILIDADE,500-750,"522,50",GUILHERME GALLOTTI | ENGAJADO | TICKET - BAIXO | ASIS PRATA,PRATA,27/03/2023,70,ENTRAR EM CONTATO,,PRÓXIMO A CONTATAR,Sem contato feito,,E-mail,0,80,80,80,80,80,"66,67","-1,0000","0,0000","0,0000","0,0000","0,0000"
8802,Empresa 97,01/01/20,SP,Ribeirão Preto,Ativo,PARCEIRO,350-500,"419,99",PROMOTOR | ENGAJADO | TICKET - BAIXO | ASIS PRATA,PRATA,29/03/2023,68,ENTRAR EM CONTATO,,PRÓXIMO A CONTATAR,Sem contato feito,,E-mail,0,80,80,80,10,80,"55,00","-1,0000","0,0000","0,0000","7,0000","-0,8750"
16136,Empresa 98,01/31/22,SP,Diadema,Ativo,EMPRESA,350-500,"485,06",PARTNERS | TICKET - BAIXO | ASIS PRATA,PRATA,29/03/2023,68,ENTRAR EM CONTATO,,PRÓXIMO A CONTATAR,Sem contato feito,,E-mail,40,40,40,40,40,40,"40,00","0,0000","0,0000","0,0000","0,0000","0,0000"
16125,Empresa 99,01/05/22,PR,Londrina,Ativo,EMPRESA,200-350,"299,98",PARTNERS | ASIS BRONZE | TICKET - BAIXO,BRONZE,28/02/2023,97,EM RENOVAÇÃO,,DATA RENOVAÇÃO: 17/06/2023,Renovação,07/03/23,Aguardar (MRR > 350),0,5,5,0,0,40,"8,33","-1,0000","0,0000",#DIV/0!,"0,0000","-1,0000"
26383,Empresa 100,11/29/22,CE,Fortaleza,Ativo,CONTABILIDADE,350-500,"399,00",DOR - AUTOMAÇÃO | DOR - COMBO CADASTRO | TICKET - BAIXO,SEM CLUSTER,28/02/2023,97,EM RENOVAÇÃO,,DATA RENOVAÇÃO: 18/06/2023,Renovação,07/03/23,E-mail,0,20,40,0,40,0,"16,67","-1,0000","-0,5000",#DIV/0!,"-1,0000",#DIV/0!
24775,Empresa 101,12/19/22,MG,Belo Horizonte,Ativo,CONTABILIDADE,350-500,"489,90",DOR - COMBO CADASTRO | DOR - RECUPERAÇÃO DE TRIBUTOS | TICKET - BAIXO | DOR - CONFORMIDADE,SEM CLUSTER,10/04/2023,56,ENTRAR EM CONTATO,,PRÓXIMO A CONTATAR,Sem contato feito,,E-mail,50,50,45,45,45,45,"46,67","0,0000","0,1111","0,0000","0,0000","0,0000"
17221,Empresa 102,11/22/21,GO,Goiânia,Ativo,CONTABILIDADE,ATÉ 200,"195,00",ENGAJADO | DOR - RECUPERAÇÃO DE TRIBUTOS | TICKET - BAIXO | ASIS PRATA,PRATA,14/02/2023,111,EM RENOVAÇÃO,,DATA RENOVAÇÃO: 05/06/2023,Renovação,07/03/23,Aguardar (MRR > 350),40,40,40,40,40,40,"40,00","0,0000","0,0000","0,0000","0,0000","0,0000"
6125,Empresa 103,05/09/22,SP,Franca,Ativo,CONTABILIDADE,350-500,"420,00",RENOV - EM NEGOCIAÇÃO | TICKET - BAIXO | ASIS PRATA,PRATA,28/02/2023,97,EM RENOVAÇÃO,,DATA RENOVAÇÃO: 18/06/2023,Renovação,07/03/23,Contatar pós renovação,0,40,40,40,40,40,"33,33","-1,0000","0,0000","0,0000","0,0000","0,0000"
16412,Empresa 104,03/23/21,MG,Betim,Ativo,CONTABILIDADE,500-750,"544,00",TICKET - BAIXO | DETRATOR | ASIS PRATA,PRATA,12/04/2023,54,ENTRAR EM CONTATO,,PRÓXIMO A CONTATAR,Sem contato feito,,E-mail,40,40,40,40,50,40,"41,67","0,0000","0,0000","0,0000","-0,2000","0,2500"
15856,Empresa 105,12/01/21,RN,Natal,Ativo,EMPRESA,500-750,"574,73",NOVO 2023 | PARTNERS | PROMOTOR | TICKET - BAIXO | RENOV - RENOVADO | ASIS PRATA,PRATA,20/04/2023,46,ENTRAR EM CONTATO,,PRÓXIMO A CONTATAR,Sem contato feito,,E-mail,50,60,65,50,60,50,"55,83","-0,1667","-0,0769","0,3000","-0,1667","0,2000"
17576,Empresa 106,07/14/22,PE,Recife,Ativo,CONTABILIDADE,350-500,"397,00",ASIS BRONZE | TICKET - BAIXO | DOR - CONFORMIDADE,BRONZE,15/05/2023,21,ENTRAR EM CONTATO,,Sem Observações,Sem contato feito,,E-mail,0,40,40,40,40,40,"33,33","-1,0000","0,0000","0,0000","0,0000","0,0000"
25973,Empresa 107,10/27/22,MA,São Luís,Ativo,CONTABILIDADE,350-500,"399,00",DOR - COMBO CADASTRO | TICKET - BAIXO | DOR - CONFORMIDADE,SEM CLUSTER,21/05/2023,15,ENTRAR EM CONTATO,,Sem Observações,Sem contato feito,,E-mail,0,40,40,40,40,40,"33,33","-1,0000","0,0000","0,0000","0,0000","0,0000"
26096,Empresa 108,10/19/22,AP,Macapá,Ativo,CONTABILIDADE,350-500,"450,00",PARTNERS | DOR - CAPTURA E AUDITORIA XML | TICKET - BAIXO | DOR - CONFORMIDADE,SEM CLUSTER,21/05/2023,15,ENTRAR EM CONTATO,,Sem Observações,Sem contato feito,,E-mail,0,40,40,40,60,60,"40,00","-1,0000","0,0000","0,0000","-0,3333","0,0000"
16858,Empresa 109,09/15/21,SP,São Paulo,Ativo,CONTABILIDADE,200-350,"248,00",ASIS BRONZE | DOR - COMBO CADASTRO | TICKET - BAIXO,BRONZE,07/03/2023,90,EM RENOVAÇÃO,,DATA RENOVAÇÃO: 26/06/2023,Renovação,07/03/23,Aguardar (MRR > 350),10,10,10,5,5,5,"7,50","0,0000","0,0000","1,0000","0,0000","0,0000"
16710,Empresa 110,07/20/21,PR,Foz do Iguaçu,Ativo,CONTABILIDADE,200-350,"330,00",ASIS BRONZE | DOR - RECUPERAÇÃO DE TRIBUTOS | TICKET - BAIXO | DOR - CONFORMIDADE,BRONZE,07/03/2023,90,EM RENOVAÇÃO,,DATA RENOVAÇÃO: 26/06/2023,Renovação,07/03/23,Aguardar (MRR > 350),0,0,0,0,0,0,"0,00","0,0000","0,0000","0,0000","0,0000","0,0000"
11641,Empresa 111,10/31/22,MG,Belo Horizonte,Ativo,CONTABILIDADE,350-500,"399,90",PARTNERS | TICKET - BAIXO | DOR - CONFORMIDADE,SEM CLUSTER,07/03/2023,90,EM RENOVAÇÃO,,DATA RENOVAÇÃO: 24/06/2023,Renovação,07/03/23,E-mail,5,40,40,40,80,80,"47,50","-0,8750","0,0000","0,0000","-0,5000","0,0000"
26185,Empresa 112,10/31/22,SP,Jundiaí,Ativo,CONTABILIDADE,350-500,"476,00",DOR - COMBO CADASTRO | TICKET - BAIXO | DOR - CONFORMIDADE,SEM CLUSTER,21/05/2023,15,ENTRAR EM CONTATO,,Sem Observações,Sem contato feito,,E-mail,20,40,40,45,45,45,"39,17","-0,5000","0,0000","-0,1111","0,0000","0,0000"
26158,Empresa 113,11/03/22,SP,Marília,Ativo,CONTABILIDADE,350-500,"350,00",PARTNERS | TICKET - BAIXO,SEM CLUSTER,09/03/2023,88,EM RENOVAÇÃO,,DATA RENOVAÇÃO: 28/06/2023,Renovação,07/03/23,E-mail,20,40,40,40,0,40,"30,00","-0,5000","0,0000","0,0000",#DIV/0!,"-1,0000"
7843,Empresa 114,03/03/22,SC,Navegantes,Ativo,EMPRESA,500-750,"574,98",PROMOTOR | ENGAJADO | TICKET - BAIXO | ASIS PRATA,PRATA,25/05/2023,11,ENTRAR EM CONTATO,,Guilherme Galotti pediu para habilitar o CND para esse cliente,Verificar,,Whatsapp,40,40,40,40,40,40,"40,00","0,0000","0,0000","0,0000","0,0000","0,0000"
24216,Empresa 115,03/23/22,PR,Piraí do Sul,Ativo,CONTABILIDADE,200-350,"321,00",ASIS BRONZE | TICKET - BAIXO,BRONZE,15/05/2023,21,HOLDING MEETING,05/18/23,Encontrei o cliente Jean Rocha no Holding Meeting,Sim - Evento,06/06/23,Telefônico,0,0,0,0,20,40,"10,00","0,0000","0,0000","0,0000","-1,0000","-0,5000"
16839,Empresa 116,08/24/21,ES,Cachoeiro de Itapemirim,Ativo,CONTABILIDADE,200-350,"200,00",DOR - COMBO CADASTRO | TICKET - BAIXO | ASIS PRATA,PRATA,17/05/2023,19,HOLDING MEETING,05/18/23,Encontrei o cliente João Paulo no Holding Meeting,Sim - Whatsapp,07/02/23,Whatsapp,40,40,60,80,80,45,"57,50","0,0000","-0,3333","-0,2500","0,0000","0,7778"
25724,Empresa 117,09/19/22,SP,Santo André,Ativo,CONTABILIDADE,350-500,"399,00",51hs | DOR - RECUPERAÇÃO DE TRIBUTOS | SEG - CONTABILIDADE | TICKET - BAIXO | DOR - CONFORMIDADE,BRONZE,23/05/2023,13,HOLDING MEETING,05/18/23,Enviado e-mail playbook no dia 24/05/2023,Sim - Whatsapp,06/06/23,Whatsapp,0,0,0,0,0,0,"0,00","0,0000","0,0000","0,0000","0,0000","0,0000"
17022,Empresa 118,10/11/21,MA,Gonçalves Dias,Ativo,CONTABILIDADE,ATÉ 200,"59,90",DOR - RECUPERAÇÃO DE TRIBUTOS | SEG - CONTABILIDADE | TICKET - BAIXO | ASIS PRATA,PRATA,04/04/2022,427,MRR > 100,,MRR > 350,Sem contato feito,,Aguardar (MRR > 350),0,40,40,40,40,40,"33,33","-1,0000","0,0000","0,0000","0,0000","0,0000"
17132,Empresa 119,10/03/22,GO,Bela Vista de Goiás,Ativo,CONTABILIDADE,ATÉ 200,"83,89",DOR - RECUPERAÇÃO DE TRIBUTOS | SEG - CONTABILIDADE | TICKET - BAIXO | ASIS PRATA,PRATA,05/04/2022,426,MRR > 100,,MRR > 350,Sem contato feito,,Aguardar (MRR > 350),40,40,40,40,40,40,"40,00","0,0000","0,0000","0,0000","0,0000","0,0000"
16594,Empresa 120,06/08/21,SP,Cotia,Ativo,CONTABILIDADE,ATÉ 200,"134,00",ENGAJADO | DOR - RECUPERAÇÃO DE TRIBUTOS | TICKET - BAIXO | ASIS PRATA,PRATA,07/03/2023,90,EM RENOVAÇÃO,,DATA RENOVAÇÃO: 26/06/2023,Renovação,07/03/23,Aguardar (MRR > 350),40,40,40,40,40,40,"40,00","0,0000","0,0000","0,0000","0,0000","0,0000"
16554,Empresa 121,06/13/22,RS,Porto Alegre,Ativo,CONTABILIDADE,ATÉ 200,"34,91",ASIS BRONZE | TICKET - BAIXO,BRONZE,08/04/2022,423,MRR > 100,,MRR > 350,Sem contato feito,,Aguardar (MRR > 350),0,0,0,0,0,0,"0,00","0,0000","0,0000","0,0000","0,0000","0,0000"
16739,Empresa 122,07/30/21,RJ,Bom Jardim,Ativo,CONTABILIDADE,ATÉ 200,"100,00",ASIS BRONZE | SOMENTE ORÁCULO | TICKET - BAIXO,BRONZE,08/04/2022,423,MRR > 100,,MRR > 350,Sem contato feito,,Aguardar (MRR > 350),-1,-1,-1,-1,-1,-1,"-1,00","0,0000","0,0000","0,0000","0,0000","0,0000"
16634,Empresa 123,06/17/22,RS,Porto Alegre,Ativo,CONTABILIDADE,ATÉ 200,"83,90",DOR - RECUPERAÇÃO DE TRIBUTOS | SEG - CONTABILIDADE | TICKET - BAIXO | ASIS PRATA,PRATA,12/04/2022,419,MRR > 100,,MRR > 350,Sem contato feito,,Aguardar (MRR > 350),0,40,40,40,40,40,"33,33","-1,0000","0,0000","0,0000","0,0000","0,0000"
17190,Empresa 124,11/11/21,RS,Jaguari,Ativo,CONTABILIDADE,ATÉ 200,"79,90",DOR - RECUPERAÇÃO DE TRIBUTOS | SEG - CONTABILIDADE | TICKET - BAIXO | ASIS PRATA,PRATA,13/04/2022,418,MRR > 100,,MRR > 350,Sem contato feito,,Aguardar (MRR > 350),0,40,40,40,40,40,"33,33","-1,0000","0,0000","0,0000","0,0000","0,0000"
16704,Empresa 125,07/16/21,RJ,Mendes,Ativo,CONTABILIDADE,ATÉ 200,"83,89",PROMOTOR | TICKET - BAIXO | RENOV - RENOVADO | ASIS PRATA,PRATA,13/04/2022,418,MRR > 100,,MRR > 350,Sem contato feito,,Aguardar (MRR > 350),0,40,40,40,40,40,"33,33","-1,0000","0,0000","0,0000","0,0000","0,0000"
24694,Empresa 126,07/14/22,RJ,Nova Iguaçu,Ativo,CONTABILIDADE,ATÉ 200,"199,00",ASIS BRONZE | ENGAJADO | TICKET - BAIXO | DOR - CONFORMIDADE,BRONZE,08/03/2023,89,EM RENOVAÇÃO,,DATA RENOVAÇÃO: 26/06/2023,Renovação,07/03/23,Aguardar (MRR > 350),40,40,40,40,40,40,"40,00","0,0000","0,0000","0,0000","0,0000","0,0000"
17120,Empresa 127,02/04/22,MT,Cuiabá,Ativo,EMPRESA,ATÉ 200,"99,00",DOR - RECUPERAÇÃO DE TRIBUTOS | TICKET - BAIXO | SEG - SERVIÇOS  | ASIS PRATA,PRATA,14/04/2022,417,MRR > 100,,MRR > 350,Sem contato feito,,Aguardar (MRR > 350),0,0,0,40,0,40,"13,33","0,0000","0,0000","-1,0000",#DIV/0!,"-1,0000"
24027,Empresa 128,02/22/22,MT,Cuiabá,Ativo,CONTABILIDADE,ATÉ 200,"99,00",DOR - RECUPERAÇÃO DE TRIBUTOS | SEG - CONTABILIDADE | TICKET - BAIXO | ASIS PRATA,PRATA,14/04/2022,417,MRR > 100,,MRR > 350,Sem contato feito,,Aguardar (MRR > 350),0,40,40,40,0,0,"20,00","-1,0000","0,0000","0,0000",#DIV/0!,"0,0000"
17162,Empresa 129,11/16/21,MT,Lucas do Rio Verde,Ativo,CONTABILIDADE,ATÉ 200,"83,89",SUSPENSÃO | PROMOTOR | DOR - RECUPERAÇÃO DE TRIBUTOS | SEG - CONTABILIDADE | TICKET - BAIXO | ASIS PRATA,PRATA,22/04/2022,409,MRR > 100,,MRR > 350,Sem contato feito,,Aguardar (MRR > 350),0,40,40,40,40,40,"33,33","-1,0000","0,0000","0,0000","0,0000","0,0000"
17487,Empresa 130,01/05/22,PA,Xinguara,Ativo,CONTABILIDADE,ATÉ 200,"80,00",SEG - CONTABILIDADE | TICKET - BAIXO | ASIS PRATA,PRATA,09/05/2022,392,MRR > 100,,MRR > 350,Sem contato feito,,Aguardar (MRR > 350),40,40,40,40,40,40,"40,00","0,0000","0,0000","0,0000","0,0000","0,0000"
14280,Empresa 131,08/08/22,MG,Belo Horizonte,Ativo,CONTABILIDADE,200-350,"217,69",ASIS BRONZE | ENGAJAMENTO BAIXO | TICKET - BAIXO,BRONZE,10/04/2023,56,EM RENOVAÇÃO,,DATA RENOVAÇÃO: 21/06/2023,Renovação,07/03/23,Aguardar (MRR > 350),0,20,0,0,0,40,"10,00","-1,0000",#DIV/0!,"0,0000","0,0000","-1,0000"
17123,Empresa 132,11/03/21,MA,São Luís,Ativo,CONTABILIDADE,ATÉ 200,"59,90",PROMOTOR | DOR - RECUPERAÇÃO DE TRIBUTOS | SEG - CONTABILIDADE | TICKET - BAIXO | ASIS PRATA,PRATA,10/05/2022,391,MRR > 100,,MRR > 350,Sem contato feito,,Aguardar (MRR > 350),0,0,40,0,40,40,"20,00","0,0000","-1,0000",#DIV/0!,"-1,0000","0,0000"
17544,Empresa 133,01/17/22,MG,Contagem,Ativo,CONTABILIDADE,ATÉ 200,"104,90",PARTNERS | ASIS BRONZE | SOMENTE ORÁCULO | TICKET - BAIXO | RENOV - RENOVADO,BRONZE,23/03/2023,74,Natu,,Natu,Não,,Oráculo,-1,-1,-1,-1,-1,-1,"-1,00","0,0000","0,0000","0,0000","0,0000","0,0000"
9393,Empresa 134,10/04/22,MG,São Sebastião do Paraíso,Ativo,CONTABILIDADE,350-500,"499,87",PROMOTOR | ENGAJADO | TICKET - BAIXO | RENOV - RENOVADO | ASIS PRATA,PRATA,10/04/2023,56,EM RENOVAÇÃO,,DATA RENOVAÇÃO: 21/06/2023,Renovação,07/03/23,E-mail,10,40,45,40,45,40,"36,67","-0,7500","-0,1111","0,1250","-0,1111","0,1250"
16724,Empresa 135,08/17/22,DF,Brasília,Ativo,CONTABILIDADE,ATÉ 200,"79,90",ASIS BRONZE | DOR - RECUPERAÇÃO DE TRIBUTOS | SEG - CONTABILIDADE | TICKET - BAIXO,BRONZE,10/05/2022,391,MRR > 100,,MRR > 350,Sem contato feito,,Aguardar (MRR > 350),0,40,40,0,0,40,"20,00","-1,0000","0,0000",#DIV/0!,"0,0000","-1,0000"
24109,Empresa 136,03/04/22,AP,Macapá,Ativo,CONTABILIDADE,ATÉ 200,"99,00",PROMOTOR | DOR - RECUPERAÇÃO DE TRIBUTOS | SEG - CONTABILIDADE | TICKET - BAIXO | ASIS PRATA,PRATA,02/06/2022,368,MRR > 100,,MRR > 350,Sem contato feito,,Aguardar (MRR > 350),0,40,40,40,40,40,"33,33","-1,0000","0,0000","0,0000","0,0000","0,0000"
24195,Empresa 137,03/17/22,DF,Brasília,Ativo,CONTABILIDADE,ATÉ 200,"99,00",ASIS BRONZE | DOR - RECUPERAÇÃO DE TRIBUTOS | SEG - CONTABILIDADE | TICKET - BAIXO | STATUS - BLOQUEADO,BRONZE,22/07/2022,318,MRR > 100,,MRR > 350,Sem contato feito,,Aguardar (MRR > 350),-1,-1,-1,-1,-1,-1,"-1,00","0,0000","0,0000","0,0000","0,0000","0,0000"
16466,Empresa 138,04/28/21,PR,Apucarana,Ativo,CONTABILIDADE,ATÉ 200,"150,00",PROMOTOR | ASIS BRONZE | ENGAJADO | TICKET - BAIXO,BRONZE,29/03/2023,68,EM RENOVAÇÃO,,DATA RENOVAÇÃO: 26/06/2023,Renovação,07/03/23,Aguardar (MRR > 350),0,0,0,10,0,0,"1,67","0,0000","0,0000","-1,0000",#DIV/0!,"0,0000"
7731,Empresa 139,08/03/20,MG,Extrema,Ativo,EMPRESA,ATÉ 200,"97,00",ASIS BRONZE | TICKET - BAIXO | SEG - INDÚSTRIA,BRONZE,25/08/2022,284,MRR > 100,,MRR > 350,Sem contato feito,,Aguardar (MRR > 350),5,40,5,20,20,5,"15,83","-0,8750","7,0000","-0,7500","0,0000","3,0000"
16615,Empresa 140,06/18/21,PR,Ibaiti,Ativo,CONTABILIDADE,200-350,"200,00",ASIS BRONZE | ENGAJAMENTO BAIXO | DOR - COMBO CADASTRO | TICKET - BAIXO,BRONZE,20/04/2023,46,EM RENOVAÇÃO,,DATA RENOVAÇÃO: 26/06/2023,Renovação,07/03/23,Aguardar (MRR > 350),0,0,0,0,0,0,"0,00","0,0000","0,0000","0,0000","0,0000","0,0000"
23941,Empresa 141,02/09/22,SC,Chapecó,Ativo,CONTABILIDADE,ATÉ 200,"99,00",DOR - RECUPERAÇÃO DE TRIBUTOS | SEG - CONTABILIDADE | TICKET - BAIXO | ASIS PRATA,PRATA,18/10/2022,230,MRR > 100,,MRR > 350,Sem contato feito,,Aguardar (MRR > 350),40,40,40,40,40,40,"40,00","0,0000","0,0000","0,0000","0,0000","0,0000"
24303,Empresa 142,04/06/22,RS,Porto Alegre,Ativo,CONTABILIDADE,ATÉ 200,"99,00",ASIS BRONZE | DOR - RECUPERAÇÃO DE TRIBUTOS | SEG - CONTABILIDADE | TICKET - BAIXO,BRONZE,21/10/2022,227,MRR > 100,,MRR > 350,Sem contato feito,,Aguardar (MRR > 350),0,0,40,40,40,40,"26,67","0,0000","-1,0000","0,0000","0,0000","0,0000"
15914,Empresa 143,07/23/20,PR,Londrina,Ativo,CONTABILIDADE,200-350,"320,00",TICKET - BAIXO | DETRATOR | ASIS PRATA,PRATA,08/05/2023,28,EM RENOVAÇÃO,05/08/23,DATA RENOVAÇÃO: 18/06/2023,Renovação,07/03/23,Telefônico,70,65,50,70,40,40,"55,83","0,0769","0,3000","-0,2857","0,7500","0,0000"
24247,Empresa 144,03/25/22,PI,Luzilândia,Ativo,CONTABILIDADE,ATÉ 200,"99,00",DOR - RECUPERAÇÃO DE TRIBUTOS | SEG - CONTABILIDADE | TICKET - BAIXO | DETRATOR | ASIS PRATA,PRATA,31/10/2022,217,MRR > 100,,MRR > 350,Sem contato feito,,Aguardar (MRR > 350),0,40,40,40,40,40,"33,33","-1,0000","0,0000","0,0000","0,0000","0,0000"
24120,Empresa 145,03/08/22,MG,Manhuaçu,Ativo,CONTABILIDADE,ATÉ 200,"99,00",ASIS BRONZE | ENGAJAMENTO BAIXO | DOR - RECUPERAÇÃO DE TRIBUTOS | SEG - CONTABILIDADE | TICKET - BAIXO | AÇÃO ENGAJAMENTO,BRONZE,01/11/2022,216,MRR > 100,,MRR > 350,Sem contato feito,,Aguardar (MRR > 350),0,0,0,0,0,0,"0,00","0,0000","0,0000","0,0000","0,0000","0,0000"
8315,Empresa 146,07/30/20,PR,Curitiba,Ativo,EMPRESA,ATÉ 200,"99,00",ASIS BRONZE | 51hs | SOMENTE RIT | TICKET - BAIXO | SEG - AGROINDÚSTRIA,BRONZE,01/11/2022,216,MRR > 100,,MRR > 350,Sem contato feito,,Aguardar (MRR > 350),5,5,5,5,5,5,"5,00","0,0000","0,0000","0,0000","0,0000","0,0000"
24206,Empresa 147,03/18/22,BA,Salvador,Ativo,CONTABILIDADE,ATÉ 200,"99,00",DOR - RECUPERAÇÃO DE TRIBUTOS | SEG - CONTABILIDADE | TICKET - BAIXO | ASIS PRATA,PRATA,22/11/2022,195,MRR > 100,,MRR > 350,Sem contato feito,,Aguardar (MRR > 350),0,40,40,40,40,40,"33,33","-1,0000","0,0000","0,0000","0,0000","0,0000"
16145,Empresa 148,01/05/22,RS,Santa Maria,Ativo,CONTABILIDADE,200-350,"209,97",PARTNERS | ASIS BRONZE | ENGAJAMENTO BAIXO | TICKET - BAIXO | DETRATOR,BRONZE,08/05/2023,28,EM RENOVAÇÃO,,DATA RENOVAÇÃO: 24/06/2023,Visualizou - Whatsapp,07/03/23,Aguardar (MRR > 350),5,5,5,5,5,50,"12,50","0,0000","0,0000","0,0000","0,0000","-0,9000"
7155,Empresa 149,10/29/21,RJ,Rio de Janeiro,Ativo,CONTABILIDADE,ATÉ 200,"164,00",TICKET - BAIXO | ASIS PRATA,PRATA,10/04/2023,56,EM RENOVAÇÃO,,DATA RENOVAÇÃO: 21/06/2023,Renovação,07/03/23,Aguardar (MRR > 350),0,40,0,40,0,40,"20,00","-1,0000",#DIV/0!,"-1,0000",#DIV/0!,"-1,0000"
8145,Empresa 150,01/03/22,SP,São Paulo,Ativo,CONTABILIDADE,350-500,"390,00",TICKET - BAIXO | DETRATOR | ASIS PRATA,PRATA,09/05/2023,27,EM RENOVAÇÃO,05/09/23,DATA RENOVAÇÃO: 05/06/2023,Renovação,07/03/23,E-mail,0,40,40,40,40,40,"33,33","-1,0000","0,0000","0,0000","0,0000","0,0000"
24204,Empresa 151,03/18/22,PR,Ponta Grossa,Ativo,CONTABILIDADE,ATÉ 200,"99,00",DOR - RECUPERAÇÃO DE TRIBUTOS | SEG - CONTABILIDADE | TICKET - BAIXO | ASIS PRATA,PRATA,23/11/2022,194,MRR > 100,,MRR > 350,Sem contato feito,,Aguardar (MRR > 350),0,40,40,40,40,40,"33,33","-1,0000","0,0000","0,0000","0,0000","0,0000"
16557,Empresa 152,06/13/22,SP,Conchas,Ativo,CONTABILIDADE,ATÉ 200,"35,00",DOR - RECUPERAÇÃO DE TRIBUTOS | SEG - CONTABILIDADE | TICKET - BAIXO | ASIS PRATA,PRATA,28/12/2022,159,MRR > 100,,MRR > 350,Sem contato feito,,Aguardar (MRR > 350),0,40,40,40,40,40,"33,33","-1,0000","0,0000","0,0000","0,0000","0,0000"
16214,Empresa 153,02/26/21,SP,Cotia,Ativo,CONTABILIDADE,ATÉ 200,"99,90",ASIS BRONZE | ENGAJAMENTO BAIXO | TICKET - BAIXO,BRONZE,11/04/2023,55,EM RENOVAÇÃO,,DATA RENOVAÇÃO: 26/06/2023,Renovação,07/03/23,Aguardar (MRR > 350),0,0,0,0,0,0,"0,00","0,0000","0,0000","0,0000","0,0000","0,0000"
16498,Empresa 154,06/08/22,SP,Piracicaba,Ativo,CONTABILIDADE,ATÉ 200,"35,00",DOR - RECUPERAÇÃO DE TRIBUTOS | SEG - CONTABILIDADE | TICKET - BAIXO | ASIS PRATA,PRATA,28/12/2022,159,MRR > 100,,MRR > 350,Sem contato feito,,Aguardar (MRR > 350),40,40,40,40,40,40,"40,00","0,0000","0,0000","0,0000","0,0000","0,0000"
115,Empresa 155,04/11/22,MG,Belo Horizonte,Ativo,EMPRESA,750-1000,"999,98",PROMOTOR | RENOV - EM NEGOCIAÇÃO | TICKET - MÉDIO | ASIS PRATA,PRATA,14/05/2023,22,EM RENOVAÇÃO,,EM RENOVAÇÃO,Sem contato feito,,Contatar pós renovação,10,50,25,40,60,40,"37,50","-0,8000","1,0000","-0,3750","-0,3333","0,5000"
7709,Empresa 156,02/25/21,MG,Extrema,Ativo,CONTABILIDADE,ATÉ 200,"197,00",ASIS BRONZE | TICKET - BAIXO,BRONZE,13/04/2023,53,EM RENOVAÇÃO,,DATA RENOVAÇÃO: 25/06/2023,Renovação,07/03/23,Aguardar (MRR > 350),0,0,10,0,0,40,"8,33","0,0000","-1,0000",#DIV/0!,"0,0000","-1,0000"
26229,Empresa 157,10/28/22,RJ,Seropédica,Ativo,CONTABILIDADE,350-500,"399,00",DOR - COMBO CADASTRO | DOR - RECUPERAÇÃO DE TRIBUTOS | TICKET - BAIXO,SEM CLUSTER,15/05/2023,21,BLOQUEADO,05/24/23,Está bloqueado,Bloqueado,,Bloqueado,0,10,5,0,0,0,"2,50","-1,0000","1,0000",#DIV/0!,"0,0000","0,0000"
16505,Empresa 158,06/07/22,SP,São Paulo,Ativo,CONTABILIDADE,ATÉ 200,"35,00",DOR - RECUPERAÇÃO DE TRIBUTOS | SEG - CONTABILIDADE | TICKET - BAIXO | ASIS PRATA,PRATA,28/12/2022,159,MRR > 100,,MRR > 350,Sem contato feito,,Aguardar (MRR > 350),0,40,40,0,0,40,"20,00","-1,0000","0,0000",#DIV/0!,"0,0000","-1,0000"
16493,Empresa 159,06/07/22,PE,Recife,Ativo,CONTABILIDADE,ATÉ 200,"35,00",ASIS BRONZE | DOR - RECUPERAÇÃO DE TRIBUTOS | SEG - CONTABILIDADE | TICKET - BAIXO,BRONZE,28/12/2022,159,MRR > 100,,MRR > 350,Sem contato feito,,Aguardar (MRR > 350),0,0,0,0,0,0,"0,00","0,0000","0,0000","0,0000","0,0000","0,0000"
16694,Empresa 160,07/14/21,SP,Guarujá,Ativo,CONTABILIDADE,ATÉ 200,"59,90",ASIS BRONZE | ENGAJAMENTO BAIXO | DOR - RECUPERAÇÃO DE TRIBUTOS | SEG - CONTABILIDADE | TICKET - BAIXO | STATUS - BLOQUEADO,BRONZE,28/12/2022,159,MRR > 100,,MRR > 350,Sem contato feito,,Aguardar (MRR > 350),-1,-1,-1,-1,-1,-1,"-1,00","0,0000","0,0000","0,0000","0,0000","0,0000"
16645,Empresa 161,06/28/21,PE,Recife,Ativo,CONTABILIDADE,ATÉ 200,"59,90",DOR - RECUPERAÇÃO DE TRIBUTOS | SEG - CONTABILIDADE | TICKET - BAIXO | ASIS PRATA,PRATA,29/12/2022,158,MRR > 100,,MRR > 350,Sem contato feito,,Aguardar (MRR > 350),0,40,40,40,40,40,"33,33","-1,0000","0,0000","0,0000","0,0000","0,0000"
24936,Empresa 162,11/04/22,SP,São Paulo,Ativo,CONTABILIDADE,350-500,"450,00",PARTNERS | DOR - CAPTURA E AUDITORIA XML | TICKET - BAIXO,SEM CLUSTER,15/05/2023,21,EM RENOVAÇÃO,,DATA RENOVAÇÃO: 18/06/2023,Renovação,07/03/23,E-mail,40,40,40,40,40,40,"40,00","0,0000","0,0000","0,0000","0,0000","0,0000"
16870,Empresa 163,09/01/21,RJ,Silva Jardim,Ativo,CONTABILIDADE,ATÉ 200,"59,90",DOR - RECUPERAÇÃO DE TRIBUTOS | SEG - CONTABILIDADE | TICKET - BAIXO | ASIS PRATA,PRATA,29/12/2022,158,MRR > 100,,MRR > 350,Sem contato feito,,Aguardar (MRR > 350),40,40,40,40,40,40,"40,00","0,0000","0,0000","0,0000","0,0000","0,0000"
17027,Empresa 164,10/13/21,PE,Gravatá,Ativo,CONTABILIDADE,ATÉ 200,"59,90",DOR - RECUPERAÇÃO DE TRIBUTOS | SEG - CONTABILIDADE | TICKET - BAIXO | ASIS PRATA,PRATA,29/12/2022,158,MRR > 100,,MRR > 350,Sem contato feito,,Aguardar (MRR > 350),0,40,40,40,40,40,"33,33","-1,0000","0,0000","0,0000","0,0000","0,0000"
17490,Empresa 165,01/05/22,MG,Manhuaçu,Ativo,CONTABILIDADE,ATÉ 200,"59,90",DOR - RECUPERAÇÃO DE TRIBUTOS | SEG - CONTABILIDADE | TICKET - BAIXO | ASIS PRATA,PRATA,29/12/2022,158,MRR > 100,,MRR > 350,Sem contato feito,,Aguardar (MRR > 350),0,40,40,40,40,40,"33,33","-1,0000","0,0000","0,0000","0,0000","0,0000"
16887,Empresa 166,09/08/21,PE,Caruaru,Ativo,CONTABILIDADE,ATÉ 200,"59,90",DOR - RECUPERAÇÃO DE TRIBUTOS | SEG - CONTABILIDADE | TICKET - BAIXO | ASIS PRATA,PRATA,29/12/2022,158,MRR > 100,,MRR > 350,Sem contato feito,,Aguardar (MRR > 350),0,40,40,40,40,40,"33,33","-1,0000","0,0000","0,0000","0,0000","0,0000"
16775,Empresa 167,08/10/21,RJ,Campos dos Goytacazes,Ativo,CONTABILIDADE,ATÉ 200,"59,90",DOR - RECUPERAÇÃO DE TRIBUTOS | SEG - CONTABILIDADE | TICKET - BAIXO | ASIS PRATA,PRATA,29/12/2022,158,MRR > 100,,MRR > 350,Sem contato feito,,Aguardar (MRR > 350),0,40,40,40,40,40,"33,33","-1,0000","0,0000","0,0000","0,0000","0,0000"
16738,Empresa 168,07/29/21,RS,Camaquã,Ativo,CONTABILIDADE,ATÉ 200,"59,90",PROMOTOR | DOR - RECUPERAÇÃO DE TRIBUTOS | SEG - CONTABILIDADE | TICKET - BAIXO | ASIS PRATA,PRATA,29/12/2022,158,MRR > 100,,MRR > 350,Sem contato feito,,Aguardar (MRR > 350),0,40,40,40,40,40,"33,33","-1,0000","0,0000","0,0000","0,0000","0,0000"
16896,Empresa 169,09/10/21,GO,Formosa,Ativo,CONTABILIDADE,ATÉ 200,"59,90",PROMOTOR | DOR - RECUPERAÇÃO DE TRIBUTOS | SEG - CONTABILIDADE | TICKET - BAIXO | ASIS PRATA,PRATA,29/12/2022,158,MRR > 100,,MRR > 350,Sem contato feito,,Aguardar (MRR > 350),0,40,40,40,40,40,"33,33","-1,0000","0,0000","0,0000","0,0000","0,0000"
16928,Empresa 170,09/17/21,SP,Bragança Paulista,Ativo,CONTABILIDADE,ATÉ 200,"59,90",DOR - RECUPERAÇÃO DE TRIBUTOS | SEG - CONTABILIDADE | TICKET - BAIXO | ASIS PRATA,PRATA,29/12/2022,158,MRR > 100,,MRR > 350,Sem contato feito,,Aguardar (MRR > 350),40,40,40,40,40,40,"40,00","0,0000","0,0000","0,0000","0,0000","0,0000"
17608,Empresa 171,02/02/22,BA,Feira de Santana,Ativo,CONTABILIDADE,ATÉ 200,"69,00",DOR - RECUPERAÇÃO DE TRIBUTOS | SEG - CONTABILIDADE | TICKET - BAIXO | ASIS PRATA,PRATA,29/12/2022,158,MRR > 100,,MRR > 350,Sem contato feito,,Aguardar (MRR > 350),0,40,40,40,40,40,"33,33","-1,0000","0,0000","0,0000","0,0000","0,0000"
24511,Empresa 172,06/06/22,RS,Santa Cruz do Sul,Ativo,CONTABILIDADE,ATÉ 200,"79,90",PARTNERS | ASIS BRONZE | ENGAJAMENTO BAIXO | DOR - RECUPERAÇÃO DE TRIBUTOS | SEG - CONTABILIDADE | TICKET - BAIXO,BRONZE,29/12/2022,158,MRR > 100,,MRR > 350,Sem contato feito,,Aguardar (MRR > 350),0,0,40,0,0,40,"13,33","0,0000","-1,0000",#DIV/0!,"0,0000","-1,0000"
16561,Empresa 173,06/13/22,PE,Recife,Ativo,CONTABILIDADE,ATÉ 200,"34,91",ASIS BRONZE | TICKET - BAIXO,BRONZE,16/01/2023,140,MRR > 100,,MRR > 350,Sem contato feito,,Aguardar (MRR > 350),0,0,0,0,0,0,"0,00","0,0000","0,0000","0,0000","0,0000","0,0000"
16492,Empresa 174,06/07/22,DF,Brasília,Ativo,CONTABILIDADE,ATÉ 200,"35,00",ASIS BRONZE | DOR - RECUPERAÇÃO DE TRIBUTOS | SEG - CONTABILIDADE | TICKET - BAIXO,BRONZE,16/01/2023,140,MRR > 100,,MRR > 350,Sem contato feito,,Aguardar (MRR > 350),0,0,0,0,0,0,"0,00","0,0000","0,0000","0,0000","0,0000","0,0000"
17125,Empresa 175,11/03/21,MG,Pouso Alegre,Ativo,CONTABILIDADE,ATÉ 200,"59,90",ASIS BRONZE | ENGAJAMENTO BAIXO | DOR - RECUPERAÇÃO DE TRIBUTOS | SEG - CONTABILIDADE | TICKET - BAIXO,BRONZE,16/01/2023,140,MRR > 100,,MRR > 350,Sem contato feito,,Aguardar (MRR > 350),0,0,0,0,0,0,"0,00","0,0000","0,0000","0,0000","0,0000","0,0000"
23923,Empresa 176,02/08/22,PR,Curitiba,Ativo,CONTABILIDADE,ATÉ 200,"99,00",ASIS BRONZE | DOR - RECUPERAÇÃO DE TRIBUTOS | SEG - CONTABILIDADE | TICKET - BAIXO,BRONZE,16/01/2023,140,MRR > 100,,MRR > 350,Sem contato feito,,Aguardar (MRR > 350),0,0,0,0,0,20,"3,33","0,0000","0,0000","0,0000","0,0000","-1,0000"
26345,Empresa 177,11/30/22,SP,São José do Rio Preto,Ativo,CONTABILIDADE,350-500,"399,00",SUSPENSÃO | DOR - COMBO CADASTRO | DOR - RECUPERAÇÃO DE TRIBUTOS | TICKET - BAIXO,SEM CLUSTER,23/05/2023,13,SUSPENSO,05/29/23,Cliente suspenso,Suspenso,,Suspenso,0,5,5,0,5,5,"3,33","-1,0000","0,0000",#DIV/0!,"-1,0000","0,0000"
16904,Empresa 178,09/09/22,CE,Nova Russas,Ativo,CONTABILIDADE,ATÉ 200,"79,90",ASIS BRONZE | DOR - RECUPERAÇÃO DE TRIBUTOS | TICKET - BAIXO | RENOV - RENOVADO,BRONZE,17/01/2023,139,MRR > 100,,MRR > 350,Sem contato feito,,Aguardar (MRR > 350),0,0,0,0,40,0,"6,67","0,0000","0,0000","0,0000","-1,0000",#DIV/0!
24045,Empresa 179,02/24/22,PR,Curitiba,Ativo,CONTABILIDADE,ATÉ 200,"59,90",ENGAJAMENTO BAIXO | DOR - RECUPERAÇÃO DE TRIBUTOS | SEG - CONTABILIDADE | TICKET - BAIXO | ASIS PRATA,PRATA,08/02/2023,117,MRR > 100,,MRR > 350,Sem contato feito,,Aguardar (MRR > 350),0,0,0,40,0,0,"6,67","0,0000","0,0000","-1,0000",#DIV/0!,"0,0000"
23999,Empresa 180,02/16/22,MA,Presidente Dutra,Ativo,CONTABILIDADE,ATÉ 200,"99,00",ASIS BRONZE | ENGAJAMENTO BAIXO | DOR - RECUPERAÇÃO DE TRIBUTOS | SEG - CONTABILIDADE | TICKET - BAIXO,BRONZE,08/02/2023,117,MRR > 100,,MRR > 350,Sem contato feito,,Aguardar (MRR > 350),0,0,0,0,0,0,"0,00","0,0000","0,0000","0,0000","0,0000","0,0000"
24356,Empresa 181,04/22/22,RS,Passo Fundo,Ativo,CONTABILIDADE,ATÉ 200,"99,00",ASIS BRONZE | DOR - RECUPERAÇÃO DE TRIBUTOS | TICKET - BAIXO | SEG - SERVIÇOS ,BRONZE,08/02/2023,117,MRR > 100,,MRR > 350,Sem contato feito,,Aguardar (MRR > 350),0,0,0,0,0,0,"0,00","0,0000","0,0000","0,0000","0,0000","0,0000"
23949,Empresa 182,02/10/22,AL,Santana do Ipanema,Ativo,CONTABILIDADE,ATÉ 200,"69,00",ASIS BRONZE | DOR - RECUPERAÇÃO DE TRIBUTOS | SEG - CONTABILIDADE | TICKET - BAIXO,BRONZE,10/02/2023,115,MRR > 100,,MRR > 350,Sem contato feito,,Aguardar (MRR > 350),0,0,0,0,40,0,"6,67","0,0000","0,0000","0,0000","-1,0000",#DIV/0!
16394,Empresa 183,01/17/22,SP,Piracaia,Ativo,CONTABILIDADE,ATÉ 200,"100,00",ASIS BRONZE | TICKET - BAIXO,BRONZE,24/02/2023,101,MRR > 100,,MRR > 350,Sem contato feito,,Aguardar (MRR > 350),0,0,0,0,0,10,"1,67","0,0000","0,0000","0,0000","0,0000","-1,0000"
24863,Empresa 184,08/17/22,DF,Brasília,Ativo,CONTABILIDADE,350-500,"399,01",ASIS BRONZE | DOR - COMBO CADASTRO | TICKET - BAIXO,BRONZE,24/05/2023,12,EM RENOVAÇÃO,05/24/23,EM RENOVAÇÃO,Sem contato feito,,Contatar pós renovação,5,5,5,0,40,0,"9,17","0,0000","0,0000",#DIV/0!,"-1,0000",#DIV/0!
17074,Empresa 185,09/12/22,BA,Porto Seguro,Ativo,CONTABILIDADE,ATÉ 200,"79,90",ASIS BRONZE | ENGAJAMENTO BAIXO | DOR - RECUPERAÇÃO DE TRIBUTOS | SEG - CONTABILIDADE | TICKET - BAIXO | RENOV - RENOVADO,BRONZE,31/03/2023,66,MRR > 100,,MRR > 350,Sem contato feito,,Aguardar (MRR > 350),0,0,0,40,0,0,"6,67","0,0000","0,0000","-1,0000",#DIV/0!,"0,0000"
26391,Empresa 186,11/30/22,SP,Piracicaba,Ativo,CONTABILIDADE,350-500,"399,00",PARTNERS | DOR - COMBO CADASTRO | DOR - RECUPERAÇÃO DE TRIBUTOS | TICKET - BAIXO,SEM CLUSTER,26/05/2023,10,SUSPENSO,05/29/23,Suspenso - 26/05/2023,Suspenso,,Suspenso,0,10,10,5,10,50,"14,17","-1,0000","0,0000","1,0000","-0,5000","-0,8000"
16754,Empresa 187,07/06/22,MG,Frutal,Ativo,CONTABILIDADE,ATÉ 200,"79,90",TICKET - BAIXO | RENOV - RENOVADO | DETRATOR | ASIS PRATA,PRATA,19/04/2023,47,MRR > 100,,MRR > 350,Sem contato feito,,Aguardar (MRR > 350),50,50,40,40,40,40,"43,33","0,0000","0,2500","0,0000","0,0000","0,0000"
17450,Empresa 188,12/16/21,PE,Trindade,Ativo,CONTABILIDADE,ATÉ 200,"83,89",DOR - RECUPERAÇÃO DE TRIBUTOS | SEG - CONTABILIDADE | TICKET - BAIXO | ASIS PRATA,PRATA,04/05/2023,32,MRR > 100,,MRR > 350,Sem contato feito,,Aguardar (MRR > 350),0,40,40,40,40,40,"33,33","-1,0000","0,0000","0,0000","0,0000","0,0000"
16504,Empresa 189,06/08/22,SP,Santo André,Ativo,CONTABILIDADE,ATÉ 200,"34,91",DOR - RECUPERAÇÃO DE TRIBUTOS | TICKET - BAIXO | ASIS PRATA,PRATA,22/05/2023,14,MRR > 100,05/22/23,Detrator - NPS,Sim - Whatsapp,,Telefônico,0,40,40,0,40,40,"26,67","-1,0000","0,0000",#DIV/0!,"-1,0000","0,0000"
6716,Empresa 190,11/24/21,PR,Curitiba,Ativo,CONTABILIDADE,ATÉ 200,"176,61",TICKET - BAIXO | ASIS PRATA,PRATA,20/06/2022,350,MRR > 350,,MRR > 350,Sem contato feito,,Aguardar (MRR > 350),0,0,60,0,20,40,"20,00","0,0000","-1,0000",#DIV/0!,"-1,0000","-0,5000"
24488,Empresa 191,05/30/22,PR,Santo Antônio da Platina,Ativo,CONTABILIDADE,ATÉ 200,"137,00",ASIS BRONZE | DOR - RECUPERAÇÃO DE TRIBUTOS | TICKET - BAIXO,BRONZE,28/06/2022,342,MRR > 350,,MRR > 350,Sem contato feito,,Aguardar (MRR > 350),0,0,0,0,0,0,"0,00","0,0000","0,0000","0,0000","0,0000","0,0000"
24554,Empresa 192,06/27/22,BA,Vitória da Conquista,Ativo,CONTABILIDADE,ATÉ 200,"137,00",ASIS BRONZE | ENGAJAMENTO BAIXO | DOR - RECUPERAÇÃO DE TRIBUTOS | TICKET - BAIXO | STATUS - BLOQUEADO,BRONZE,28/06/2022,342,MRR > 350,,MRR > 350,Sem contato feito,,Aguardar (MRR > 350),0,0,0,0,0,0,"0,00","0,0000","0,0000","0,0000","0,0000","0,0000"
24670,Empresa 193,07/08/22,RJ,Cachoeiras de Macacu,Ativo,CONTABILIDADE,ATÉ 200,"137,00",ASIS BRONZE | ENGAJADO | DOR - RECUPERAÇÃO DE TRIBUTOS | TICKET - BAIXO,BRONZE,27/07/2022,313,MRR > 350,,MRR > 350,Sem contato feito,,Aguardar (MRR > 350),0,40,40,40,40,40,"33,33","-1,0000","0,0000","0,0000","0,0000","0,0000"
17601,Empresa 194,07/12/22,MG,Belo Horizonte,Ativo,CONTABILIDADE,ATÉ 200,"199,00",ASIS BRONZE | TICKET - BAIXO,BRONZE,08/08/2022,301,MRR > 350,,MRR > 350,Sem contato feito,,Aguardar (MRR > 350),0,0,0,0,0,0,"0,00","0,0000","0,0000","0,0000","0,0000","0,0000"
15933,Empresa 195,08/31/20,SC,Itajaí,Ativo,CONTABILIDADE,200-350,"294,00",TICKET - BAIXO | ASIS PRATA,PRATA,11/08/2022,298,MRR > 350,,MRR > 350,Sem contato feito,,Aguardar (MRR > 350),10,40,40,45,40,40,"35,83","-0,7500","0,0000","-0,1111","0,1250","0,0000"
24662,Empresa 196,07/08/22,MG,Uberlândia,Ativo,CONTABILIDADE,200-350,"247,90",PARTNERS | ASIS BRONZE | TICKET - BAIXO,BRONZE,26/09/2022,252,MRR > 350,,MRR > 350,Sem contato feito,,Aguardar (MRR > 350),45,45,45,45,45,45,"45,00","0,0000","0,0000","0,0000","0,0000","0,0000"
16485,Empresa 197,05/14/21,RJ,Rio de Janeiro,Ativo,CONTABILIDADE,200-350,"234,00",ENGAJADO | TICKET - BAIXO | ASIS PRATA,PRATA,04/10/2022,244,MRR > 350,,MRR > 350,Sem contato feito,,Aguardar (MRR > 350),5,45,40,40,40,40,"35,00","-0,8889","0,1250","0,0000","0,0000","0,0000"
24430,Empresa 198,05/25/22,SP,São Paulo,Ativo,CONTABILIDADE,200-350,"312,80",PARTNERS | ASIS BRONZE | TICKET - BAIXO,BRONZE,10/10/2022,238,MRR > 350,,MRR > 350,Sem contato feito,,Aguardar (MRR > 350),40,40,40,40,45,40,"40,83","0,0000","0,0000","0,0000","-0,1111","0,1250"
11365,Empresa 199,06/17/22,MG,Carangola,Ativo,EMPRESA,ATÉ 200,"187,95",ENGAJADO | TICKET - BAIXO | ASIS PRATA,PRATA,14/10/2022,234,MRR > 350,,MRR > 350,Sem contato feito,,Aguardar (MRR > 350),0,20,20,20,20,20,"16,67","-1,0000","0,0000","0,0000","0,0000","0,0000"
17484,Empresa 200,01/05/22,MA,São Bento,Ativo,CONTABILIDADE,200-350,"277,00",PROMOTOR | DOR - RECUPERAÇÃO DE TRIBUTOS | TICKET - BAIXO | STATUS - BLOQUEADO | ASIS PRATA,PRATA,24/10/2022,224,MRR > 350,,MRR > 350,Sem contato feito,,Aguardar (MRR > 350),0,40,40,40,40,40,"33,33","-1,0000","0,0000","0,0000","0,0000","0,0000"
17088,Empresa 201,10/27/21,SP,São Caetano do Sul,Ativo,EMPRESA,200-350,"315,00",ASIS BRONZE | DOR - COMBO CADASTRO | TICKET - BAIXO,BRONZE,08/11/2022,209,MRR > 350,,MRR > 350,Sem contato feito,,Aguardar (MRR > 350),5,5,5,5,5,40,"10,83","0,0000","0,0000","0,0000","0,0000","-0,8750"
17028,Empresa 202,10/13/21,ES,Linhares,Ativo,CONTABILIDADE,200-350,"280,00",ASIS BRONZE | ENGAJAMENTO BAIXO | DOR - COMBO CADASTRO | TICKET - BAIXO,BRONZE,29/11/2022,188,MRR > 350,,MRR > 350,Sem contato feito,06/06/23,E-mail,0,0,0,0,0,0,"0,00","0,0000","0,0000","0,0000","0,0000","0,0000"
17225,Empresa 203,12/01/21,SP,São Paulo,Ativo,CONTABILIDADE,200-350,"279,00",PARTNERS | ASIS BRONZE | TICKET - BAIXO,BRONZE,30/11/2022,187,MRR > 350,,MRR > 350,Sem contato feito,,Aguardar (MRR > 350),10,10,10,5,5,5,"7,50","0,0000","0,0000","1,0000","0,0000","0,0000"
24633,Empresa 204,06/30/22,RS,Santa Cruz do Sul,Ativo,EMPRESA,200-350,"289,57",PARTNERS | RENOV - NÃO RENOVADO | ASIS BRONZE | TICKET - BAIXO,BRONZE,30/11/2022,187,MRR > 350,,MRR > 350,Sem contato feito,06/06/23,E-mail,0,0,40,0,0,40,"13,33","0,0000","-1,0000",#DIV/0!,"0,0000","-1,0000"
8160,Empresa 205,10/27/21,RJ,Rio de Janeiro,Ativo,CONTABILIDADE,200-350,"299,00",TICKET - BAIXO | ASIS PRATA,PRATA,05/12/2022,182,MRR > 350,,MRR > 350,Sem contato feito,,Aguardar (MRR > 350),0,40,60,80,80,0,"43,33","-1,0000","-0,3333","-0,2500","0,0000",#DIV/0!
11413,Empresa 206,01/31/22,PR,Cambé,Ativo,CONTABILIDADE,200-350,"310,00",TICKET - BAIXO | ASIS PRATA,PRATA,06/12/2022,181,MRR > 350,,MRR > 350,Sem contato feito,,Aguardar (MRR > 350),45,45,45,45,45,45,"45,00","0,0000","0,0000","0,0000","0,0000","0,0000"
6156,Empresa 207,02/08/21,SP,São Carlos,Ativo,CONTABILIDADE,200-350,"296,90",PROMOTOR | TICKET - BAIXO | ASIS PRATA,PRATA,16/12/2022,171,MRR > 350,,Não atende,Não,,E-mail,10,80,60,50,50,45,"49,17","-0,8750","0,3333","0,2000","0,0000","0,1111"
15888,Empresa 208,12/14/20,SP,Votorantim,Ativo,CONTABILIDADE,200-350,"276,80",TICKET - BAIXO | ASIS PRATA,PRATA,28/05/2023,8,EM RENOVAÇÃO,,DATA RENOVAÇÃO: 18/06/2023,Renovação,07/03/23,Aguardar (MRR > 350),50,60,80,50,50,45,"55,83","-0,1667","-0,2500","0,6000","0,0000","0,1111"
17032,Empresa 209,10/13/21,SP,Guarulhos,Ativo,CONTABILIDADE,200-350,"317,80",PARTNERS | PROMOTOR | TICKET - BAIXO | RENOV - RENOVADO | ASIS PRATA,PRATA,19/12/2022,168,MRR > 350,,MRR > 350,Sem contato feito,,Aguardar (MRR > 350),50,50,50,45,45,45,"47,50","0,0000","0,0000","0,1111","0,0000","0,0000"
16981,Empresa 210,09/30/21,GO,Goiânia,Ativo,CONTABILIDADE,ATÉ 200,"150,00",ASIS BRONZE | SOMENTE ORÁCULO | TICKET - BAIXO,BRONZE,19/12/2022,168,MRR > 350,,MRR > 350,Sem contato feito,,Aguardar (MRR > 350),-1,-1,-1,-1,-1,-1,"-1,00","0,0000","0,0000","0,0000","0,0000","0,0000"
17093,Empresa 211,07/29/22,SP,Limeira,Ativo,CONTABILIDADE,350-500,"486,36",PARTNERS | ASIS BRONZE | TICKET - BAIXO,BRONZE,29/05/2023,7,EM RENOVAÇÃO,05/29/23,Enviado e-mail de apresentação manual,Sem contato feito,06/02/23,Whatsapp,10,10,10,5,5,5,"7,50","0,0000","0,0000","1,0000","0,0000","0,0000"
26128,Empresa 212,10/28/22,DF,Brasília,Ativo,EMPRESA,350-500,"436,98",DOR - RECUPERAÇÃO DE TRIBUTOS | TICKET - BAIXO | DOR - CONFORMIDADE,SEM CLUSTER,29/05/2023,7,EM RENOVAÇÃO,05/29/23,DATA RENOVAÇÃO: 18/06/2023,Renovação,07/03/23,Whatsapp,10,10,10,5,5,20,"10,00","0,0000","0,0000","1,0000","0,0000","-0,7500"
26448,Empresa 213,12/28/22,RJ,Niterói,Ativo,CONTABILIDADE,200-350,"300,00",DOR - RECUPERAÇÃO DE TRIBUTOS | TICKET - BAIXO | DOR - CONFORMIDADE,BRONZE,06/01/2023,150,MRR > 350,,MRR > 350,Sem contato feito,,Aguardar (MRR > 350),10,50,50,50,60,80,"50,00","-0,8000","0,0000","0,0000","-0,1667","-0,2500"
5440,Empresa 214,10/05/21,MG,Caratinga,Ativo,CONTABILIDADE,200-350,"250,84",PROMOTOR | ENGAJADO | TICKET - BAIXO | RENOV - RENOVADO | ASIS PRATA,PRATA,16/01/2023,140,MRR > 350,,MRR > 350,Sem contato feito,,Aguardar (MRR > 350),45,40,20,45,5,45,"33,33","0,1250","1,0000","-0,5556","8,0000","-0,8889"
5518,Empresa 215,02/22/21,SP,Santos,Ativo,CONTABILIDADE,200-350,"314,33",ASIS BRONZE | TICKET - BAIXO,BRONZE,16/01/2023,140,MRR > 350,,Não atende,Não,,E-mail,0,20,0,0,80,80,"30,00","-1,0000",#DIV/0!,"0,0000","-1,0000","0,0000"
17540,Empresa 216,01/18/22,GO,Cidade Ocidental,Ativo,CONTABILIDADE,200-350,"230,00",ASIS BRONZE | ENGAJADO | DOR - RECUPERAÇÃO DE TRIBUTOS | TICKET - BAIXO | STATUS - BLOQUEADO,BRONZE,20/01/2023,136,MRR > 350,,MRR > 350,Sem contato feito,,Aguardar (MRR > 350),-1,-1,-1,-1,-1,-1,"-1,00","0,0000","0,0000","0,0000","0,0000","0,0000"
7515,Empresa 217,09/06/22,SP,São Paulo,Ativo,EMPRESA,200-350,"300,00",ASIS BRONZE | DOR - COMBO CADASTRO | TICKET - BAIXO | RENOV - RENOVADO,BRONZE,27/02/2023,98,MRR > 350,,MRR > 350,Sem contato feito,06/06/23,E-mail,0,0,0,0,0,0,"0,00","0,0000","0,0000","0,0000","0,0000","0,0000"
16996,Empresa 218,09/22/22,SP,Cotia,Ativo,CONTABILIDADE,200-350,"209,90",ASIS BRONZE | ENGAJAMENTO BAIXO | TICKET - BAIXO | RENOV - RENOVADO,BRONZE,28/02/2023,97,MRR > 350,,MRR > 350,Sem contato feito,06/06/23,E-mail,0,0,0,0,0,0,"0,00","0,0000","0,0000","0,0000","0,0000","0,0000"
16013,Empresa 219,10/13/21,PR,Campo Mourão,Ativo,CONTABILIDADE,ATÉ 200,"119,90",DOR - COMBO CADASTRO | TICKET - BAIXO | ASIS PRATA,PRATA,02/03/2023,95,MRR > 350,,MRR > 350,Sem contato feito,,Aguardar (MRR > 350),0,40,0,0,0,0,"6,67","-1,0000",#DIV/0!,"0,0000","0,0000","0,0000"
16255,Empresa 220,01/05/22,RS,Santa Maria,Ativo,CONTABILIDADE,200-350,"209,96",PARTNERS | ASIS BRONZE | ENGAJAMENTO BAIXO | TICKET - BAIXO,BRONZE,05/03/2023,92,MRR > 350,,MRR > 350,Sem contato feito,,Aguardar (MRR > 350),10,10,10,5,5,5,"7,50","0,0000","0,0000","1,0000","0,0000","0,0000"
16381,Empresa 221,03/31/21,MG,Couto de Magalhães de Minas,Ativo,CONTABILIDADE,200-350,"248,00",ASIS BRONZE | TICKET - BAIXO,BRONZE,05/03/2023,92,MRR > 350,,MRR > 350,Sem contato feito,,Aguardar (MRR > 350),10,10,10,5,5,5,"7,50","0,0000","0,0000","1,0000","0,0000","0,0000"
26812,Empresa 222,02/13/23,SP,São Paulo,Ativo,CONTABILIDADE,200-350,"299,00",PARTNERS | DOR - COMBO CADASTRO | DOR - RECUPERAÇÃO DE TRIBUTOS | TICKET - BAIXO | DOR - CONFORMIDADE,BRONZE,07/03/2023,90,MRR > 350,,MRR > 350,Sem contato feito,,Aguardar (MRR > 350),5,5,5,50,0,-1,"10,67","0,0000","0,0000","-0,9000",#DIV/0!,"-1,0000"
24499,Empresa 223,06/02/22,BA,Salvador,Ativo,CONTABILIDADE,ATÉ 200,"137,00",PROMOTOR | ASIS BRONZE | ENGAJADO | DOR - RECUPERAÇÃO DE TRIBUTOS | TICKET - BAIXO,BRONZE,07/03/2023,90,MRR > 350,,MRR > 350,Sem contato feito,,Aguardar (MRR > 350),0,40,40,40,40,40,"33,33","-1,0000","0,0000","0,0000","0,0000","0,0000"
26809,Empresa 224,02/10/23,RJ,Araruama,Ativo,CONTABILIDADE,200-350,"299,00",PARTNERS | DOR - CAPTURA E AUDITORIA XML | DOR - COMBO CADASTRO | DOR - RECUPERAÇÃO DE TRIBUTOS | TICKET - BAIXO | DOR - CONFORMIDADE,BRONZE,08/03/2023,89,MRR > 350,,MRR > 350,Sem contato feito,,Aguardar (MRR > 350),40,40,40,60,80,-1,"43,17","0,0000","0,0000","-0,3333","-0,2500","-81,0000"
24699,Empresa 225,07/15/22,BA,Ibirapitanga,Ativo,CONTABILIDADE,ATÉ 200,"137,00",ASIS BRONZE | DOR - RECUPERAÇÃO DE TRIBUTOS | TICKET - BAIXO,BRONZE,08/03/2023,89,MRR > 350,,MRR > 350,Sem contato feito,,Aguardar (MRR > 350),0,40,40,40,40,40,"33,33","-1,0000","0,0000","0,0000","0,0000","0,0000"
7440,Empresa 226,10/04/22,MG,Belo Horizonte,Ativo,CONTABILIDADE,200-350,"292,95",ASIS BRONZE | ENGAJAMENTO BAIXO | TICKET - BAIXO | RENOV - RENOVADO,BRONZE,16/03/2023,81,MRR > 350,,MRR > 350,Sem contato feito,,Aguardar (MRR > 350),10,10,10,10,5,30,"12,50","0,0000","0,0000","0,0000","1,0000","-0,8333"
16699,Empresa 227,07/15/21,MG,Juiz de Fora,Ativo,CONTABILIDADE,ATÉ 200,"189,00",ENGAJADO | DOR - RECUPERAÇÃO DE TRIBUTOS | TICKET - BAIXO | ASIS PRATA,PRATA,16/03/2023,81,MRR > 350,,MRR > 350,Sem contato feito,,Aguardar (MRR > 350),45,45,45,45,45,45,"45,00","0,0000","0,0000","0,0000","0,0000","0,0000"
7910,Empresa 228,02/01/22,RJ,Nova Iguaçu,Ativo,CONTABILIDADE,ATÉ 200,"135,45",TICKET - BAIXO | ASIS PRATA,PRATA,22/03/2023,75,MRR > 350,,MRR > 350,Sem contato feito,,Aguardar (MRR > 350),0,0,0,40,0,0,"6,67","0,0000","0,0000","-1,0000",#DIV/0!,"0,0000"
16919,Empresa 229,09/15/21,SP,São Caetano do Sul,Ativo,CONTABILIDADE,350-500,"350,00",ASIS BRONZE | TICKET - BAIXO,BRONZE,31/05/2023,5,EM RENOVAÇÃO,05/31/23,DATA RENOVAÇÃO: 18/06/2023,Renovação,07/03/23,Whatsapp,-1,-1,-1,-1,-1,-1,"-1,00","0,0000","0,0000","0,0000","0,0000","0,0000"
16388,Empresa 230,03/23/22,AC,Rio Branco,Ativo,EMPRESA,200-350,"207,80",PARTNERS | ENGAJADO | TICKET - BAIXO | ASIS PRATA,PRATA,23/03/2023,74,MRR > 350,,MRR > 350,Sem contato feito,,Aguardar (MRR > 350),0,40,40,40,40,40,"33,33","-1,0000","0,0000","0,0000","0,0000","0,0000"
26326,Empresa 231,11/14/22,AM,Manaus,Ativo,CONTABILIDADE,200-350,"300,00",SEG - CONTABILIDADE | TICKET - BAIXO | DOR - CONFORMIDADE,SEM CLUSTER,24/03/2023,73,MRR > 350,,MRR > 350,Sem contato feito,,Aguardar (MRR > 350),40,40,40,40,60,40,"43,33","0,0000","0,0000","0,0000","-0,3333","0,5000"
5604,Empresa 232,07/30/20,MG,Uberlândia,Ativo,CONTABILIDADE,200-350,"276,85",PROMOTOR | TICKET - BAIXO | DOR - CONFORMIDADE | ASIS PRATA,PRATA,29/03/2023,68,MRR > 350,,MRR > 350,Sem contato feito,,Aguardar (MRR > 350),5,40,40,40,40,40,"34,17","-0,8750","0,0000","0,0000","0,0000","0,0000"
5724,Empresa 233,08/11/21,RJ,Petrópolis,Ativo,EMPRESA,200-350,"298,90",PROMOTOR | TICKET - BAIXO | ASIS PRATA,PRATA,29/03/2023,68,MRR > 350,,MRR > 350,Sem contato feito,,Aguardar (MRR > 350),40,40,40,40,40,40,"40,00","0,0000","0,0000","0,0000","0,0000","0,0000"
24650,Empresa 234,07/06/22,SP,São Roque,Ativo,CONTABILIDADE,ATÉ 200,"137,00",ASIS BRONZE | ENGAJADO | DOR - RECUPERAÇÃO DE TRIBUTOS | TICKET - BAIXO,BRONZE,29/03/2023,68,MRR > 350,,MRR > 350,Sem contato feito,,Aguardar (MRR > 350),40,40,40,40,40,40,"40,00","0,0000","0,0000","0,0000","0,0000","0,0000"
24369,Empresa 235,04/26/22,MG,Congonhas,Ativo,CONTABILIDADE,ATÉ 200,"137,00",ASIS BRONZE | DOR - RECUPERAÇÃO DE TRIBUTOS | TICKET - BAIXO,BRONZE,30/03/2023,67,MRR > 350,,MRR > 350,Sem contato feito,,Aguardar (MRR > 350),-1,0,0,0,0,0,"-0,17",#DIV/0!,"0,0000","0,0000","0,0000","0,0000"
5837,Empresa 236,11/18/21,ES,Colatina,Ativo,EMPRESA,ATÉ 200,"199,00",ENGAJADO | TICKET - BAIXO | ASIS PRATA,PRATA,30/03/2023,67,MRR > 350,,MRR > 350,Sem contato feito,,Aguardar (MRR > 350),0,40,40,40,40,40,"33,33","-1,0000","0,0000","0,0000","0,0000","0,0000"
24604,Empresa 237,06/27/22,PA,Parauapebas,Ativo,CONTABILIDADE,ATÉ 200,"137,00",ASIS BRONZE | ENGAJAMENTO BAIXO | DOR - RECUPERAÇÃO DE TRIBUTOS | TICKET - BAIXO,BRONZE,31/03/2023,66,MRR > 350,,MRR > 350,Sem contato feito,,Aguardar (MRR > 350),0,0,0,40,40,0,"13,33","0,0000","0,0000","-1,0000","0,0000",#DIV/0!
15877,Empresa 238,06/15/22,SC,Meleiro,Ativo,CONTABILIDADE,ATÉ 200,"166,65",PARTNERS | TICKET - BAIXO | ASIS PRATA,PRATA,11/04/2023,55,MRR > 350,,MRR > 350,Sem contato feito,,Aguardar (MRR > 350),50,50,65,60,45,60,"55,00","0,0000","-0,2308","0,0833","0,3333","-0,2500"
16523,Empresa 239,05/24/21,DF,Brasília,Ativo,CONTABILIDADE,200-350,"240,00",PROMOTOR | ENGAJADO | TICKET - BAIXO | ASIS PRATA,PRATA,16/04/2023,50,MRR > 350,,MRR > 350,Sem contato feito,,Aguardar (MRR > 350),5,40,40,40,40,40,"34,17","-0,8750","0,0000","0,0000","0,0000","0,0000"
17421,Empresa 240,12/08/21,SP,Tremembé,Ativo,CONTABILIDADE,ATÉ 200,"195,00",DOR - RECUPERAÇÃO DE TRIBUTOS | TICKET - BAIXO | ASIS PRATA,PRATA,20/04/2023,46,MRR > 350,,MRR > 350,Sem contato feito,,Aguardar (MRR > 350),0,40,40,40,40,40,"33,33","-1,0000","0,0000","0,0000","0,0000","0,0000"
16385,Empresa 241,08/16/21,ES,Aracruz,Ativo,EMPRESA,200-350,"300,00",ASIS BRONZE | SOMENTE ORÁCULO | TICKET - BAIXO | SEG - INDÚSTRIA,BRONZE,27/04/2023,39,MRR > 350,,MRR > 350,Sem contato feito,,Aguardar (MRR > 350),-1,-1,-1,-1,-1,-1,"-1,00","0,0000","0,0000","0,0000","0,0000","0,0000"
17410,Empresa 242,12/06/21,PA,Mãe do Rio,Ativo,CONTABILIDADE,ATÉ 200,"79,90",DOR - RECUPERAÇÃO DE TRIBUTOS | SEG - CONTABILIDADE | TICKET - BAIXO | RENOV - RENOVADO | ASIS PRATA,PRATA,10/05/2022,391,NPS,05/11/23,Enviado e-mail dia 11/05 - NPS,Não,05/15/23,Whatsapp,0,40,40,40,40,40,"33,33","-1,0000","0,0000","0,0000","0,0000","0,0000"
9709,Empresa 243,05/24/21,GO,Itumbiara,Ativo,CONTABILIDADE,500-750,"519,10",ENGAJADO | TICKET - BAIXO | DOR - CONFORMIDADE | DETRATOR | ASIS PRATA,PRATA,07/05/2023,29,NPS,05/08/23,PRÓXIMO A CONTATAR,Visualizou - Whatsapp,06/06/23,E-mail,50,50,50,80,40,50,"53,33","0,0000","0,0000","-0,3750","1,0000","-0,2000"
17611,Empresa 244,02/02/22,CE,Fortaleza,Ativo,CONTABILIDADE,200-350,"310,00",TICKET - BAIXO | DETRATOR | ASIS PRATA,PRATA,09/05/2023,27,NPS,05/09/23,"Cliente totalmente insatisfeito, usa 1x por mês e sempre dá problema de instabilidade, possui +40 clientes, mas apenas 4 estão no Kolossus, pois não se sente seguro com as instabilidades que o sistema apresentou. Reclamou que gostaria de saber como o problema foi resolvido, pois apenas receber mensagem de que foi resolvido não sana as dúvidas em relação ao processo",Visualizou - Whatsapp,06/02/23,Telefônico,0,40,40,40,40,40,"33,33","-1,0000","0,0000","0,0000","0,0000","0,0000"
16910,Empresa 245,08/16/22,RJ,Rio de Janeiro,Ativo,CONTABILIDADE,200-350,"324,50",PROMOTOR | TICKET - BAIXO | ASIS PRATA,PRATA,11/05/2023,25,NPS,05/11/23,"Conversado com o Fabricio da TI, ele ficou de enviar um depoimento do pessoal que utiliza, e-mail formalizado enviado no dia 11/05/2023",Não,05/15/23,Telefônico,45,45,45,45,45,45,"45,00","0,0000","0,0000","0,0000","0,0000","0,0000"
17040,Empresa 246,10/14/21,CE,Aracati,Ativo,CONTABILIDADE,ATÉ 200,"79,90",DOR - RECUPERAÇÃO DE TRIBUTOS | SOMENTE MIDAS | SEG - CONTABILIDADE | TICKET - BAIXO | DETRATOR | ASIS PRATA,PRATA,11/05/2023,25,NPS,05/11/23,Enviado e-mail dia 11/05,Não,05/15/23,Whatsapp,0,40,40,40,40,40,"33,33","-1,0000","0,0000","0,0000","0,0000","0,0000"
7156,Empresa 247,10/27/20,SP,Itatiba,Ativo,CONTABILIDADE,500-750,"564,79",TICKET - BAIXO | ASIS PRATA,PRATA,30/05/2023,6,NPS,05/31/23,Enviado e-mail dia 11/05. Enviado e-mail de apresentação manual 31/05/2023,Não,06/04/23,Whatsapp,45,80,80,80,80,80,"74,17","-0,4375","0,0000","0,0000","0,0000","0,0000"
17547,Empresa 248,01/17/22,SP,Piracicaba,Ativo,CONTABILIDADE,350-500,"429,00",PROMOTOR | TICKET - BAIXO | ASIS PRATA,PRATA,31/05/2023,5,NPS,06/05/23,"Entrado em contato com a cliente, disse que ela e mais duas pessoas utilizam e gostam bastante, pediu um email com orientação sobre o depoimento e que irá enviar no final do mês. Contato feito no dia 11/05/2023. Enviado email playbook 31/05/2023. Enviado e-mail solicitando o depoimento",Não,06/07/23,Depoimento,0,80,80,40,20,20,"40,00","-1,0000","0,0000","1,0000","1,0000","0,0000"
12493,Empresa 249,11/24/21,SP,Piedade,Ativo,CONTABILIDADE,200-350,"319,80",TICKET - BAIXO | DETRATOR | ASIS PRATA,PRATA,05/06/2023,0,NPS,06/05/23,"Muita instabilidade no recuperador de tributos, mas percebeu que deu uma melhorada. Enviado e-mail playbook apresentação 31/05/2023",Sim,06/12/23,Whatsapp,45,80,80,80,80,80,"74,17","-0,4375","0,0000","0,0000","0,0000","0,0000"
24341,Empresa 250,11/18/22,SP,São Paulo,Ativo,CONTABILIDADE,500-750,"500,00",DOR - CAPTURA E AUDITORIA XML | DOR - COMBO CADASTRO | TICKET - BAIXO | DOR - CONFORMIDADE,BRONZE,01/06/2023,4,Telefônico,06/02/23,"Contato Telefônico, foi marcado treinamento do RAPA e do sistema focado no que o cliente faz. Usam sistema dominio",Sim - Telefônico,06/09/23,Whatsapp,10,40,5,0,0,0,"9,17","-0,7500","7,0000",#DIV/0!,"0,0000","0,0000"
16475,Empresa 251,06/03/22,MG,Formiga,Ativo,CONTABILIDADE,350-500,"360,00",ASIS BRONZE | DOR - COMBO CADASTRO | TICKET - BAIXO | STATUS - RECONTRATOU,BRONZE,23/05/2023,13,WHATSAPP,05/26/23,Enviado mensagem no whatsapp,Visualizou - Whatsapp,06/25/23,Telefônico,5,5,5,5,5,5,"5,00","0,0000","0,0000","0,0000","0,0000","0,0000"
26389,Empresa 252,11/30/22,MT,Sorriso,Ativo,CONTABILIDADE,350-500,"393,21",PARTNERS | DOR - CAPTURA E AUDITORIA XML | DOR - COMBO CADASTRO | DOR - RECUPERAÇÃO DE TRIBUTOS | TICKET - BAIXO | DOR - CONFORMIDADE,SEM CLUSTER,23/05/2023,13,WHATSAPP,05/26/23,Enviado mensagem no whatsapp,Não,06/06/23,Revisar,0,0,0,20,0,0,"3,33","0,0000","0,0000","-1,0000",#DIV/0!,"0,0000"
25950,Empresa 253,10/13/22,SP,São José dos Campos,Ativo,CONTABILIDADE,500-750,"512,00",DOR - COMBO CADASTRO | TICKET - BAIXO | DOR - CONFORMIDADE,SEM CLUSTER,23/05/2023,13,WHATSAPP,05/29/23,Enviado mensagem no whatsapp,Não,06/06/23,Revisar,0,0,0,0,40,40,"13,33","0,0000","0,0000","0,0000","-1,0000","0,0000"
25765,Empresa 254,11/09/22,PE,Recife,Ativo,CONTABILIDADE,350-500,"499,90",PARTNERS | DOR - COMBO CADASTRO | TICKET - BAIXO | DOR - CONFORMIDADE,SEM CLUSTER,23/05/2023,13,WHATSAPP,05/29/23,Enviado mensagem no whatsapp,Visualizou - Whatsapp,06/06/23,Revisar,0,0,0,0,5,20,"4,17","0,0000","0,0000","0,0000","-1,0000","-0,7500"
24757,Empresa 255,07/29/22,RJ,Volta Redonda,Ativo,CONTABILIDADE,350-500,"480,80",PARTNERS | ASIS BRONZE | DOR - RECUPERAÇÃO DE TRIBUTOS | SEG - CONTABILIDADE | TICKET - BAIXO,BRONZE,28/05/2023,8,WHATSAPP,06/05/23,Enviado mensagem no whatsapp,Visualizou - Whatsapp,06/09/23,Whatsapp,5,5,5,20,0,0,"5,83","0,0000","0,0000","-0,7500",#DIV/0!,"0,0000"
24942,Empresa 256,08/25/22,SP,São Paulo,Ativo,CONTABILIDADE,350-500,"486,00",PARTNERS | ASIS BRONZE | TICKET - BAIXO,BRONZE,28/05/2023,8,WHATSAPP,06/05/23,Enviado mensagem no whatsapp,Visualizou - Whatsapp,06/09/23,Whatsapp,5,5,5,45,0,0,"10,00","0,0000","0,0000","-0,8889",#DIV/0!,"0,0000"
17499,Empresa 257,01/07/22,SP,Itapira,Ativo,CONTABILIDADE,500-750,"529,00",PROMOTOR | ASIS BRONZE | TICKET - BAIXO,BRONZE,28/05/2023,8,WHATSAPP,06/05/23,Enviado mensagem no whatsapp,Visualizou - Whatsapp,06/09/23,Whatsapp,20,45,10,5,5,40,"20,83","-0,5556","3,5000","1,0000","0,0000","-0,8750"
24368,Empresa 258,05/06/22,MG,Uberlândia,Ativo,CONTABILIDADE,500-750,"552,00",PARTNERS | ASIS BRONZE | TICKET - BAIXO,BRONZE,28/05/2023,8,WHATSAPP,06/05/23,Enviado mensagem no whatsapp,Não,06/09/23,Whatsapp,10,10,10,5,5,5,"7,50","0,0000","0,0000","1,0000","0,0000","0,0000"
17517,Empresa 259,01/12/22,SP,São Paulo,Ativo,CONTABILIDADE,350-500,"350,00",TICKET - BAIXO | ASIS PRATA,PRATA,28/05/2023,8,WHATSAPP,06/05/23,Enviado mensagem no whatsapp,Não,06/09/23,Whatsapp,40,40,40,40,40,40,"40,00","0,0000","0,0000","0,0000","0,0000","0,0000"
23962,Empresa 260,03/28/22,SP,Osasco,Ativo,CONTABILIDADE,350-500,"429,00",PROMOTOR | DOR - COMBO CADASTRO | DOR - RECUPERAÇÃO DE TRIBUTOS | TICKET - BAIXO | ASIS PRATA,PRATA,28/05/2023,8,WHATSAPP,06/05/23,Enviado mensagem no whatsapp,Não,06/09/23,Whatsapp,10,10,10,50,40,40,"26,67","0,0000","0,0000","-0,8000","0,2500","0,0000"
26247,Empresa 261,11/08/22,SC,Sombrio,Ativo,CONTABILIDADE,350-500,"399,01",DOR - COMBO CADASTRO | TICKET - BAIXO,BRONZE,28/05/2023,8,WHATSAPP,06/05/23,Enviado mensagem no whatsapp,Não,06/09/23,Whatsapp,10,10,10,40,5,5,"13,33","0,0000","0,0000","-0,7500","7,0000","0,0000"
26393,Empresa 262,12/22/22,MG,Juiz de Fora,Ativo,CONTABILIDADE,350-500,"436,98",DOR - COMBO CADASTRO | DOR - RECUPERAÇÃO DE TRIBUTOS | TICKET - BAIXO | DOR - CONFORMIDADE,BRONZE,28/05/2023,8,WHATSAPP,06/05/23,Enviado mensagem no whatsapp,Não,06/09/23,Whatsapp,10,10,10,20,40,20,"18,33","0,0000","0,0000","-0,5000","-0,5000","1,0000"
16220,Empresa 263,02/24/21,SP,São Paulo,Ativo,CONTABILIDADE,200-350,"349,00",ASIS BRONZE | TICKET - BAIXO,BRONZE,28/05/2023,8,WHATSAPP,06/05/23,Enviado mensagem no whatsapp,Não,06/09/23,Whatsapp,0,0,0,0,0,0,"0,00","0,0000","0,0000","0,0000","0,0000","0,0000"
26543,Empresa 264,01/13/23,RS,Alvorada,Ativo,CONTABILIDADE,350-500,"427,00",DOR - COMBO CADASTRO | TICKET - BAIXO,BRONZE,28/05/2023,8,WHATSAPP,06/05/23,Enviado mensagem no whatsapp,Visualizou - Whatsapp,06/09/23,Whatsapp,0,0,0,10,50,50,"18,33","0,0000","0,0000","-1,0000","-0,8000","0,0000"
26374,Empresa 265,11/29/22,SC,Criciúma,Ativo,CONTABILIDADE,350-500,"499,90",DOR - RECUPERAÇÃO DE TRIBUTOS | TICKET - BAIXO,BRONZE,28/05/2023,8,WHATSAPP,06/05/23,Enviado mensagem no whatsapp,Visualizou - Whatsapp,06/09/23,Whatsapp,0,0,0,40,0,0,"6,67","0,0000","0,0000","-1,0000",#DIV/0!,"0,0000"
26769,Empresa 266,02/09/23,MS,Dourados,Ativo,CONTABILIDADE,350-500,"399,00",ENGAJAMENTO BAIXO | DOR - RECUPERAÇÃO DE TRIBUTOS | TICKET - BAIXO,SEM CLUSTER,28/05/2023,8,WHATSAPP,05/29/23,Enviado mensagem no whatsapp,Sim - Whatsapp,06/06/23,Revisar,0,0,0,0,0,-1,"-0,17","0,0000","0,0000","0,0000","0,0000","-1,0000"
16979,Empresa 267,09/30/21,RJ,Itaperuna,Ativo,CONTABILIDADE,350-500,"430,00",ASIS BRONZE | TICKET - BAIXO,BRONZE,28/05/2023,8,WHATSAPP,05/29/23,Enviado mensagem no whatsapp,Sim - Whatsapp,06/06/23,Revisar,0,0,0,0,0,0,"0,00","0,0000","0,0000","0,0000","0,0000","0,0000"
26384,Empresa 268,11/29/22,AM,Manaus,Ativo,CONTABILIDADE,350-500,"486,00",ENGAJAMENTO BAIXO | DOR - RECUPERAÇÃO DE TRIBUTOS | TICKET - BAIXO | DOR - CONFORMIDADE,SEM CLUSTER,28/05/2023,8,WHATSAPP,05/29/23,Enviado mensagem no whatsapp,Sim - Whatsapp,06/06/23,Treinamento,0,0,0,0,0,0,"0,00","0,0000","0,0000","0,0000","0,0000","0,0000"
25959,Empresa 269,11/11/22,RO,Machadinho D'Oeste,Ativo,CONTABILIDADE,350-500,"399,00",DOR - COMBO CADASTRO | DOR - RECUPERAÇÃO DE TRIBUTOS | TICKET - BAIXO,SEM CLUSTER,28/05/2023,8,WHATSAPP,05/29/23,Enviado mensagem no whatsapp,Visualizou - Whatsapp,06/06/23,Revisar,0,0,0,0,0,40,"6,67","0,0000","0,0000","0,0000","0,0000","-1,0000"
26565,Empresa 270,01/23/23,AM,Manaus,Ativo,CONTABILIDADE,350-500,"414,00",DOR - COMBO CADASTRO | TICKET - BAIXO | DOR - CONFORMIDADE,SEM CLUSTER,30/05/2023,6,WHATSAPP,05/31/23,"Houve estresse do cliente ao abrir um ticket no SAC, pediu cancelamento, estou em tratativa para reverter",Sim - Whatsapp,06/04/23,Whatsapp,50,50,50,50,50,45,"49,17","0,0000","0,0000","0,0000","0,0000","0,1111"
13827,Empresa 271,01/31/23,SP,São Paulo,Ativo,EMPRESA,ACIMA 1000,"1.497,00",DOR - COMBO CADASTRO | TICKET - MÉDIO,OURO,31/05/2023,5,WHATSAPP,05/31/23,Enviado mensagem no whatsapp,Sim - Whatsapp,06/04/23,Whatsapp,5,5,40,40,5,-1,"15,67","0,0000","-0,8750","0,0000","7,0000","-6,0000"
17480,Empresa 272,05/20/22,TO,Guaraí,Ativo,CONTABILIDADE,350-500,"384,90",ASIS BRONZE | DOR - COMBO CADASTRO | DOR - RECUPERAÇÃO DE TRIBUTOS | TICKET - BAIXO,BRONZE,01/06/2023,4,WHATSAPP,06/01/23,Enviado mensagem no whatsapp,Não,06/08/23,Respondeu?,5,5,5,0,0,0,"2,50","0,0000","0,0000",#DIV/0!,"0,0000","0,0000"
25916,Empresa 273,11/04/22,RJ,Rio de Janeiro,Ativo,EMPRESA,350-500,"399,00",DOR - COMBO CADASTRO | DOR - RECUPERAÇÃO DE TRIBUTOS | TICKET - BAIXO | DOR - CONFORMIDADE,SEM CLUSTER,01/06/2023,4,WHATSAPP,06/01/23,Enviado mensagem no whatsapp,Visualizou - Whatsapp,06/08/23,Respondeu?,0,0,0,0,0,40,"6,67","0,0000","0,0000","0,0000","0,0000","-1,0000"
12572,Empresa 274,10/29/20,MG,Brasília de Minas,Ativo,CONTABILIDADE,350-500,"369,89",TICKET - BAIXO | RENOV - RENOVADO | ASIS PRATA,PRATA,05/06/2023,0,WHATSAPP,06/05/23,Enviado mensagem no whatsapp - devido a nota 5 no NPS,Não,,E-mail,10,10,50,45,45,45,"34,17","0,0000","-0,8000","0,1111","0,0000","0,0000"
16076,Empresa 275,12/17/20,RS,Porto Alegre,Ativo,CONTABILIDADE,350-500,"350,00",ASIS BRONZE | ENGAJAMENTO BAIXO | DOR - COMBO CADASTRO | TICKET - BAIXO | SEG - SERVIÇOS  | DETRATOR | AÇÃO ENGAJAMENTO,BRONZE,05/06/2023,0,WHATSAPP,06/05/23,"Enviado e-mail playbook. Contato feito dia 8/5/2023 via e-mail, 09/05/2023 Paulo não estava no escritório, é o único que mexe na ASIS, ligar novamente amanhã",Sim - Whatsapp,06/15/23,Telefônico,5,5,10,5,5,5,"5,83","0,0000","-0,5000","1,0000","0,0000","0,0000"
16953,Empresa 276,09/23/21,MG,Araxá,Ativo,CONTABILIDADE,350-500,"430,00",PROMOTOR | ASIS BRONZE | TICKET - BAIXO,BRONZE,05/06/2023,0,WHATSAPP,06/05/23,"Usa também a domínio, gostaria de automatizar alguns processos, para deixar mais rápido. Retornar na primeira semana de junho. Tem SIEG.",Sim - Whatsapp,06/04/23,Telefônico,0,0,0,0,0,20,"3,33","0,0000","0,0000","0,0000","0,0000","-1,0000"
26430,Empresa 277,12/13/22,PR,Curitiba,Ativo,CONTABILIDADE,350-500,"486,98",DOR - COMBO CADASTRO | TICKET - BAIXO | DOR - CONFORMIDADE,BRONZE,05/06/2023,0,WHATSAPP,06/05/23,Cliente irá cancelar,Sim - Whatsapp,,Whatsapp,20,80,5,40,80,80,"50,83","-0,7500","15,0000","-0,8750","-0,5000","0,0000"
16458,Empresa 278,03/23/22,PR,Londrina,Ativo,CONTABILIDADE,350-500,"461,90",PARTNERS | DOR - COMBO CADASTRO | TICKET - BAIXO | ASIS PRATA,PRATA,05/06/2023,0,WHATSAPP,06/05/23,Enviado mensagem no whatsapp,Visualizou - Whatsapp,06/09/23,Whatsapp,5,5,5,20,40,40,"19,17","0,0000","0,0000","-0,7500","-0,5000","0,0000"
25893,Empresa 279,09/27/22,BA,Vitória da Conquista,Ativo,CONTABILIDADE,350-500,"399,01",51hs | DOR - COMBO CADASTRO | DOR - RECUPERAÇÃO DE TRIBUTOS | SEG - CONTABILIDADE | TICKET - BAIXO,BRONZE,05/06/2023,0,WHATSAPP,06/05/23,Enviado mensagem no whatsapp,Sim - Whatsapp,06/09/23,Whatsapp,5,5,10,5,5,5,"5,83","0,0000","-0,5000","1,0000","0,0000","0,0000"
26685,Empresa 280,02/09/23,GO,Goiânia,Ativo,CONTABILIDADE,350-500,"399,00",DOR - COMBO CADASTRO | TICKET - BAIXO | DOR - CONFORMIDADE,BRONZE,05/06/2023,0,WHATSAPP,06/05/23,Enviado mensagem no whatsapp,Sim - Whatsapp,06/09/23,Whatsapp,0,0,0,80,85,40,"34,17","0,0000","0,0000","-1,0000","-0,0588","1,1250"